2Theta_deg,Intensity_cps
5.0,0.0
5.01072,0.0
5.02143,0.0
5.03215,0.0
5.04286,0.0
5.05358,0.0
5.06429,0.0
5.07501,0.0
5.08573,0.0
5.09644,0.0
5.10716,0.0
5.11787,0.0
5.12859,0.0
5.13931,0.0
5.15002,0.0
5.16074,0.0
5.17145,0.0
5.18217,0.0
5.19288,0.0
5.2036,0.0
5.21432,0.0
5.22503,0.0
5.23575,0.0
5.24646,0.0
5.25718,0.0
5.2679,0.0
5.27861,0.0
5.28933,0.0
5.30004,0.0
5.31076,0.0
5.32147,0.0
5.33219,0.0
5.34291,0.0
5.35362,0.0
5.36434,0.0
5.37505,0.0
5.38577,0.0
5.39649,0.0
5.4072,0.0
5.41792,0.0
5.42863,0.0
5.43935,0.0
5.45006,0.0
5.46078,0.0
5.4715,0.0
5.48221,0.0
5.49293,0.0
5.50364,0.0
5.51436,0.0
5.52508,0.0
5.53579,0.0
5.54651,0.0
5.55722,0.0
5.56794,0.0
5.57865,0.0
5.58937,0.0
5.60009,0.0
5.6108,0.0
5.62152,0.0
5.63223,0.0
5.64295,0.0
5.65366,0.0
5.66438,0.0
5.6751,0.0
5.68581,0.0
5.69653,0.0
5.70724,0.0
5.71796,0.0
5.72868,0.0
5.73939,0.0
5.75011,0.0
5.76082,0.0
5.77154,0.0
5.78225,0.0
5.79297,0.0
5.80369,0.0
5.8144,0.0
5.82512,0.0
5.83583,0.0
5.84655,0.0
5.85727,0.0
5.86798,0.0
5.8787,0.0
5.88941,0.0
5.90013,0.0
5.91084,0.0
5.92156,0.0
5.93228,0.0
5.94299,0.0
5.95371,0.0
5.96442,0.0
5.97514,0.0
5.98586,0.0
5.99657,0.0
6.00729,0.0
6.018,0.0
6.02872,0.0
6.03943,0.0
6.05015,0.0
6.06087,0.0
6.07158,0.0
6.0823,0.0
6.09301,0.0
6.10373,0.0
6.11444,0.0
6.12516,0.0
6.13588,0.0
6.14659,0.0
6.15731,0.0
6.16802,0.0
6.17874,0.0
6.18946,0.0
6.20017,0.0
6.21089,0.0
6.2216,0.0
6.23232,0.0
6.24303,0.0
6.25375,0.0
6.26447,0.0
6.27518,0.0
6.2859,0.0
6.29661,0.0
6.30733,0.0
6.31805,0.0
6.32876,0.0
6.33948,0.0
6.35019,0.0
6.36091,0.0
6.37162,0.0
6.38234,0.0
6.39306,0.0
6.40377,0.0
6.41449,0.0
6.4252,0.0
6.43592,0.0
6.44664,0.0
6.45735,0.0
6.46807,0.0
6.47878,0.0
6.4895,0.0
6.50021,0.0
6.51093,0.0
6.52165,0.0
6.53236,0.0
6.54308,0.0
6.55379,0.0
6.56451,0.0
6.57523,0.0
6.58594,0.0
6.59666,0.0
6.60737,0.0
6.61809,0.0
6.6288,0.0
6.63952,0.0
6.65024,0.0
6.66095,0.0
6.67167,0.0
6.68238,0.0
6.6931,0.0
6.70381,0.0
6.71453,0.0
6.72525,0.0
6.73596,0.0
6.74668,0.0
6.75739,0.0
6.76811,0.0
6.77883,0.0
6.78954,0.0
6.80026,0.0
6.81097,0.0
6.82169,0.0
6.8324,0.0
6.84312,0.0
6.85384,0.0
6.86455,0.0
6.87527,0.0
6.88598,0.0
6.8967,0.0
6.90742,0.0
6.91813,0.0
6.92885,0.0
6.93956,0.0
6.95028,0.0
6.96099,0.0
6.97171,0.0
6.98243,0.0
6.99314,0.0
7.00386,0.0
7.01457,0.0
7.02529,0.0
7.03601,0.0
7.04672,0.0
7.05744,0.0
7.06815,0.0
7.07887,0.0
7.08958,0.0
7.1003,0.0
7.11102,0.0
7.12173,0.0
7.13245,0.0
7.14316,0.0
7.15388,0.0
7.16459,0.0
7.17531,0.0
7.18603,0.0
7.19674,0.0
7.20746,0.0
7.21817,0.0
7.22889,0.0
7.23961,0.0
7.25032,0.0
7.26104,0.0
7.27175,0.0
7.28247,0.0
7.29318,0.0
7.3039,0.0
7.31462,0.0
7.32533,0.0
7.33605,0.0
7.34676,0.0
7.35748,0.0
7.3682,0.0
7.37891,0.0
7.38963,0.0
7.40034,0.0
7.41106,0.0
7.42177,0.0
7.43249,0.0
7.44321,0.0
7.45392,0.0
7.46464,0.0
7.47535,0.0
7.48607,0.0
7.49679,0.0
7.5075,0.0
7.51822,0.0
7.52893,0.0
7.53965,0.0
7.55036,0.0
7.56108,0.0
7.5718,0.0
7.58251,0.0
7.59323,0.0
7.60394,0.0
7.61466,0.0
7.62538,0.0
7.63609,0.0
7.64681,0.0
7.65752,0.0
7.66824,0.0
7.67895,0.0
7.68967,0.0
7.70039,0.0
7.7111,0.0
7.72182,0.0
7.73253,0.0
7.74325,0.0
7.75396,0.0
7.76468,0.0
7.7754,0.0
7.78611,0.0
7.79683,0.0
7.80754,0.0
7.81826,0.0
7.82898,0.0
7.83969,0.0
7.85041,0.0
7.86112,0.0
7.87184,0.0
7.88255,0.0
7.89327,0.0
7.90399,0.0
7.9147,0.0
7.92542,0.0
7.93613,0.0
7.94685,0.0
7.95757,0.0
7.96828,0.0
7.979,0.0
7.98971,0.0
8.00043,0.0
8.01114,0.0
8.02186,0.0
8.03258,0.0
8.04329,0.0
8.05401,0.0
8.06472,0.0
8.07544,0.0
8.08616,0.0
8.09687,0.0
8.10759,0.0
8.1183,0.0
8.12902,0.0
8.13973,0.0
8.15045,0.0
8.16117,0.0
8.17188,0.0
8.1826,0.0
8.19331,0.0
8.20403,0.0
8.21474,0.0
8.22546,0.0
8.23618,0.0
8.24689,0.0
8.25761,0.0
8.26832,0.0
8.27904,0.0
8.28976,0.0
8.30047,0.0
8.31119,0.0
8.3219,0.0
8.33262,0.0
8.34333,0.0
8.35405,0.0
8.36477,0.0
8.37548,0.0
8.3862,0.0
8.39691,0.0
8.40763,0.0
8.41835,0.0
8.42906,0.0
8.43978,0.0
8.45049,0.0
8.46121,0.0
8.47192,0.0
8.48264,0.0
8.49336,0.0
8.50407,0.0
8.51479,0.0
8.5255,0.0
8.53622,0.0
8.54694,0.0
8.55765,0.0
8.56837,0.0
8.57908,0.0
8.5898,0.0
8.60051,0.0
8.61123,0.0
8.62195,0.0
8.63266,0.0
8.64338,0.0
8.65409,0.0
8.66481,0.0
8.67553,0.0
8.68624,0.0
8.69696,0.0
8.70767,0.0
8.71839,0.0
8.7291,0.0
8.73982,0.0
8.75054,0.0
8.76125,0.0
8.77197,0.0
8.78268,0.0
8.7934,0.0
8.80411,0.0
8.81483,0.0
8.82555,0.0
8.83626,0.0
8.84698,0.0
8.85769,0.0
8.86841,0.0
8.87913,0.0
8.88984,0.0
8.90056,0.0
8.91127,0.0
8.92199,0.0
8.9327,0.0
8.94342,0.0
8.95414,0.0
8.96485,0.0
8.97557,0.0
8.98628,0.0
8.997,0.0
9.00772,0.0
9.01843,0.0
9.02915,0.0
9.03986,0.0
9.05058,0.0
9.06129,0.0
9.07201,0.0
9.08273,0.0
9.09344,0.0
9.10416,0.0
9.11487,0.0
9.12559,0.0
9.13631,0.0
9.14702,0.0
9.15774,0.0
9.16845,0.0
9.17917,0.0
9.18988,0.0
9.2006,0.0
9.21132,0.0
9.22203,0.0
9.23275,0.0
9.24346,0.0
9.25418,0.0
9.26489,0.0
9.27561,0.0
9.28633,0.0
9.29704,0.0
9.30776,0.0
9.31847,0.0
9.32919,0.0
9.33991,0.0
9.35062,0.0
9.36134,0.0
9.37205,0.0
9.38277,0.0
9.39348,0.0
9.4042,0.0
9.41492,0.0
9.42563,0.0
9.43635,0.0
9.44706,0.0
9.45778,0.0
9.4685,0.0
9.47921,0.0
9.48993,0.0
9.50064,0.0
9.51136,0.0
9.52207,0.0
9.53279,0.0
9.54351,0.0
9.55422,0.0
9.56494,0.0
9.57565,0.0
9.58637,0.0
9.59709,0.0
9.6078,0.0
9.61852,0.0
9.62923,0.0
9.63995,0.0
9.65066,0.0
9.66138,0.0
9.6721,0.0
9.68281,0.0
9.69353,0.0
9.70424,0.0
9.71496,0.0
9.72568,0.0
9.73639,0.0
9.74711,0.0
9.75782,0.0
9.76854,0.0
9.77925,0.0
9.78997,0.0
9.80069,0.0
9.8114,0.0
9.82212,0.0
9.83283,0.0
9.84355,0.0
9.85426,0.0
9.86498,0.0
9.8757,0.0
9.88641,0.0
9.89713,0.0
9.90784,0.0
9.91856,0.0
9.92928,0.0
9.93999,0.0
9.95071,0.0
9.96142,0.0
9.97214,0.0
9.98285,0.0
9.99357,0.0
10.00429,0.0
10.015,0.0
10.02572,0.0
10.03643,0.0
10.04715,0.0
10.05787,0.0
10.06858,0.0
10.0793,0.0
10.09001,0.0
10.10073,0.0
10.11144,0.0
10.12216,0.0
10.13288,0.0
10.14359,0.0
10.15431,0.0
10.16502,0.0
10.17574,0.0
10.18646,0.0
10.19717,0.0
10.20789,0.0
10.2186,0.0
10.22932,0.0
10.24003,0.0
10.25075,0.0
10.26147,0.0
10.27218,0.0
10.2829,0.0
10.29361,0.0
10.30433,0.0
10.31505,0.0
10.32576,0.0
10.33648,0.0
10.34719,0.0
10.35791,0.0
10.36862,0.0
10.37934,0.0
10.39006,0.0
10.40077,0.0
10.41149,0.0
10.4222,0.0
10.43292,0.0
10.44363,0.0
10.45435,0.0
10.46507,0.0
10.47578,0.0
10.4865,0.0
10.49721,0.0
10.50793,0.0
10.51865,0.0
10.52936,0.0
10.54008,0.0
10.55079,0.0
10.56151,0.0
10.57222,0.0
10.58294,0.0
10.59366,0.0
10.60437,0.0
10.61509,0.0
10.6258,0.0
10.63652,0.0
10.64724,0.0
10.65795,0.0
10.66867,0.0
10.67938,0.0
10.6901,0.0
10.70081,0.0
10.71153,0.0
10.72225,0.0
10.73296,0.0
10.74368,0.0
10.75439,0.0
10.76511,0.0
10.77583,0.0
10.78654,0.0
10.79726,0.0
10.80797,0.0
10.81869,0.0
10.8294,0.0
10.84012,0.0
10.85084,0.0
10.86155,0.0
10.87227,0.0
10.88298,0.0
10.8937,0.0
10.90441,0.0
10.91513,0.0
10.92585,0.0
10.93656,0.0
10.94728,0.0
10.95799,0.0
10.96871,0.0
10.97943,0.0
10.99014,0.0
11.00086,0.0
11.01157,0.0
11.02229,0.0
11.033,0.0
11.04372,0.0
11.05444,0.0
11.06515,0.0
11.07587,0.0
11.08658,0.0
11.0973,0.0
11.10802,0.0
11.11873,0.0
11.12945,0.0
11.14016,0.0
11.15088,0.0
11.16159,0.0
11.17231,0.0
11.18303,0.0
11.19374,0.0
11.20446,0.0
11.21517,0.0
11.22589,0.0
11.23661,0.0
11.24732,0.0
11.25804,0.0
11.26875,0.0
11.27947,0.0
11.29018,0.0
11.3009,0.0
11.31162,0.0
11.32233,0.0
11.33305,0.0
11.34376,0.0
11.35448,0.0
11.3652,0.0
11.37591,0.0
11.38663,0.0
11.39734,0.0
11.40806,0.0
11.41877,0.0
11.42949,0.0
11.44021,0.0
11.45092,0.0
11.46164,0.0
11.47235,0.0
11.48307,0.0
11.49378,0.0
11.5045,0.0
11.51522,0.0
11.52593,0.0
11.53665,0.0
11.54736,0.0
11.55808,0.0
11.5688,0.0
11.57951,0.0
11.59023,0.0
11.60094,0.0
11.61166,0.0
11.62237,0.0
11.63309,0.0
11.64381,0.0
11.65452,0.0
11.66524,0.0
11.67595,0.0
11.68667,0.0
11.69739,0.0
11.7081,0.0
11.71882,0.0
11.72953,0.0
11.74025,0.0
11.75096,0.0
11.76168,0.0
11.7724,0.0
11.78311,0.0
11.79383,0.0
11.80454,0.0
11.81526,0.0
11.82598,0.0
11.83669,0.0
11.84741,0.0
11.85812,0.0
11.86884,0.0
11.87955,0.0
11.89027,0.0
11.90099,0.0
11.9117,0.0
11.92242,0.0
11.93313,0.0
11.94385,0.0
11.95456,0.0
11.96528,0.0
11.976,0.0
11.98671,0.0
11.99743,0.0
12.00814,0.0
12.01886,0.0
12.02958,0.0
12.04029,0.0
12.05101,0.0
12.06172,0.0
12.07244,0.0
12.08315,0.0
12.09387,0.0
12.10459,0.0
12.1153,0.0
12.12602,0.0
12.13673,0.0
12.14745,0.0
12.15817,0.0
12.16888,0.0
12.1796,0.0
12.19031,0.0
12.20103,0.0
12.21174,0.0
12.22246,0.0
12.23318,0.0
12.24389,0.0
12.25461,0.0
12.26532,0.0
12.27604,0.0
12.28676,0.0
12.29747,0.0
12.30819,0.0
12.3189,0.0
12.32962,0.0
12.34033,0.0
12.35105,0.0
12.36177,0.0
12.37248,0.0
12.3832,0.0
12.39391,0.0
12.40463,0.0
12.41535,0.0
12.42606,0.0
12.43678,0.0
12.44749,0.0
12.45821,0.0
12.46892,0.0
12.47964,0.0
12.49036,0.0
12.50107,0.0
12.51179,0.0
12.5225,0.0
12.53322,0.0
12.54393,0.0
12.55465,0.0
12.56537,0.0
12.57608,0.0
12.5868,0.0
12.59751,0.0
12.60823,0.0
12.61895,0.0
12.62966,0.0
12.64038,0.0
12.65109,0.0
12.66181,0.0
12.67252,0.0
12.68324,0.0
12.69396,0.0
12.70467,0.0
12.71539,0.0
12.7261,0.0
12.73682,0.0
12.74754,0.0
12.75825,0.0
12.76897,0.0
12.77968,0.0
12.7904,0.0
12.80111,0.0
12.81183,0.0
12.82255,0.0
12.83326,0.0
12.84398,0.0
12.85469,0.0
12.86541,0.0
12.87613,0.0
12.88684,0.0
12.89756,0.0
12.90827,0.0
12.91899,0.0
12.9297,0.0
12.94042,0.0
12.95114,0.0
12.96185,0.0
12.97257,0.0
12.98328,0.0
12.994,0.0
13.00471,0.0
13.01543,0.0
13.02615,0.0
13.03686,0.0
13.04758,0.0
13.05829,0.0
13.06901,0.0
13.07973,0.0
13.09044,0.0
13.10116,0.0
13.11187,0.0
13.12259,0.0
13.1333,0.0
13.14402,0.0
13.15474,0.0
13.16545,0.0
13.17617,0.0
13.18688,0.0
13.1976,0.0
13.20832,0.0
13.21903,0.0
13.22975,0.0
13.24046,0.0
13.25118,0.0
13.26189,0.0
13.27261,0.0
13.28333,0.0
13.29404,0.0
13.30476,0.0
13.31547,0.0
13.32619,0.0
13.33691,0.0
13.34762,0.0
13.35834,0.0
13.36905,0.0
13.37977,0.0
13.39048,0.0
13.4012,0.0
13.41192,0.0
13.42263,0.0
13.43335,0.0
13.44406,0.0
13.45478,0.0
13.4655,0.0
13.47621,0.0
13.48693,0.0
13.49764,0.0
13.50836,0.0
13.51907,0.0
13.52979,0.0
13.54051,0.0
13.55122,0.0
13.56194,0.0
13.57265,0.0
13.58337,0.0
13.59408,0.0
13.6048,0.0
13.61552,0.0
13.62623,0.0
13.63695,0.0
13.64766,0.0
13.65838,0.0
13.6691,0.0
13.67981,0.0
13.69053,0.0
13.70124,0.0
13.71196,0.0
13.72267,0.0
13.73339,0.0
13.74411,0.0
13.75482,0.0
13.76554,0.0
13.77625,0.0
13.78697,0.0
13.79769,0.0
13.8084,0.0
13.81912,0.0
13.82983,0.0
13.84055,0.0
13.85126,0.0
13.86198,0.0
13.8727,0.0
13.88341,0.0
13.89413,0.0
13.90484,0.0
13.91556,0.0
13.92628,0.0
13.93699,0.0
13.94771,0.0
13.95842,0.0
13.96914,0.0
13.97985,0.0
13.99057,0.0
14.00129,0.0
14.012,0.0
14.02272,0.0
14.03343,0.0
14.04415,0.0
14.05486,0.0
14.06558,0.0
14.0763,0.0
14.08701,0.0
14.09773,0.0
14.10844,0.0
14.11916,0.0
14.12988,0.0
14.14059,0.0
14.15131,0.0
14.16202,0.0
14.17274,0.0
14.18345,0.0
14.19417,0.0
14.20489,0.0
14.2156,0.0
14.22632,0.0
14.23703,0.0
14.24775,0.0
14.25847,0.0
14.26918,0.0
14.2799,0.0
14.29061,0.0
14.30133,0.0
14.31204,0.0
14.32276,0.0
14.33348,0.0
14.34419,0.0
14.35491,0.0
14.36562,0.0
14.37634,0.0
14.38706,0.0
14.39777,0.0
14.40849,0.0
14.4192,0.0
14.42992,0.0
14.44063,0.0
14.45135,0.0
14.46207,0.0
14.47278,0.0
14.4835,0.0
14.49421,0.0
14.50493,0.0
14.51565,0.0
14.52636,0.0
14.53708,0.0
14.54779,0.0
14.55851,0.0
14.56922,0.0
14.57994,0.0
14.59066,0.0
14.60137,0.0
14.61209,0.0
14.6228,0.0
14.63352,0.0
14.64423,0.0
14.65495,0.0
14.66567,0.0
14.67638,0.0
14.6871,0.0
14.69781,0.0
14.70853,0.0
14.71925,0.0
14.72996,0.0
14.74068,0.0
14.75139,0.0
14.76211,0.0
14.77282,0.0
14.78354,0.0
14.79426,0.0
14.80497,0.0
14.81569,0.0
14.8264,0.0
14.83712,0.0
14.84784,0.0
14.85855,0.0
14.86927,0.0
14.87998,0.0
14.8907,0.0
14.90141,0.0
14.91213,0.0
14.92285,0.0
14.93356,0.0
14.94428,0.0
14.95499,0.0
14.96571,0.0
14.97643,0.0
14.98714,0.0
14.99786,0.0
15.00857,0.0
15.01929,0.0
15.03,0.0
15.04072,0.0
15.05144,0.0
15.06215,0.0
15.07287,0.0
15.08358,0.0
15.0943,0.0
15.10502,0.0
15.11573,0.0
15.12645,0.0
15.13716,0.0
15.14788,0.0
15.15859,0.0
15.16931,0.0
15.18003,0.0
15.19074,0.0
15.20146,0.0
15.21217,0.0
15.22289,0.0
15.2336,0.0
15.24432,0.0
15.25504,0.0
15.26575,0.0
15.27647,0.0
15.28718,0.0
15.2979,0.0
15.30862,0.0
15.31933,0.0
15.33005,0.0
15.34076,0.0
15.35148,0.0
15.36219,0.0
15.37291,0.0
15.38363,0.0
15.39434,0.0
15.40506,0.0
15.41577,0.0
15.42649,0.0
15.43721,0.0
15.44792,0.0
15.45864,0.0
15.46935,0.0
15.48007,0.0
15.49078,0.0
15.5015,0.0
15.51222,0.0
15.52293,0.0
15.53365,0.0
15.54436,0.0
15.55508,0.0
15.5658,0.0
15.57651,0.0
15.58723,0.0
15.59794,0.0
15.60866,0.0
15.61937,0.0
15.63009,0.0
15.64081,0.0
15.65152,0.0
15.66224,0.0
15.67295,0.0
15.68367,0.0
15.69438,0.0
15.7051,0.0
15.71582,0.0
15.72653,0.0
15.73725,0.0
15.74796,0.0
15.75868,0.0
15.7694,0.0
15.78011,0.0
15.79083,0.0
15.80154,0.0
15.81226,0.0
15.82297,0.0
15.83369,0.0
15.84441,0.0
15.85512,0.0
15.86584,0.0
15.87655,0.0
15.88727,0.0
15.89799,0.0
15.9087,0.0
15.91942,0.0
15.93013,0.0
15.94085,0.0
15.95156,0.0
15.96228,0.0
15.973,0.0
15.98371,0.0
15.99443,0.0
16.00514,0.0
16.01586,0.0
16.02658,0.0
16.03729,0.0
16.04801,0.0
16.05872,0.0
16.06944,0.0
16.08015,0.0
16.09087,0.0
16.10159,0.0
16.1123,0.0
16.12302,0.0
16.13373,0.0
16.14445,0.0
16.15517,0.0
16.16588,0.0
16.1766,0.0
16.18731,0.0
16.19803,0.0
16.20874,0.0
16.21946,0.0
16.23018,0.0
16.24089,0.0
16.25161,0.0
16.26232,0.0
16.27304,0.0
16.28375,0.0
16.29447,0.0
16.30519,0.0
16.3159,0.0
16.32662,0.0
16.33733,0.0
16.34805,0.0
16.35877,0.0
16.36948,0.0
16.3802,0.0
16.39091,0.0
16.40163,0.0
16.41234,0.0
16.42306,0.0
16.43378,0.0
16.44449,0.0
16.45521,0.0
16.46592,0.0
16.47664,0.0
16.48736,0.0
16.49807,0.0
16.50879,0.0
16.5195,0.0
16.53022,0.0
16.54093,0.0
16.55165,0.0
16.56237,0.0
16.57308,0.0
16.5838,0.0
16.59451,0.0
16.60523,0.0
16.61595,0.0
16.62666,0.0
16.63738,0.0
16.64809,0.0
16.65881,0.0
16.66952,0.0
16.68024,0.0
16.69096,0.0
16.70167,0.0
16.71239,0.0
16.7231,0.0
16.73382,0.0
16.74453,0.0
16.75525,0.0
16.76597,0.0
16.77668,0.0
16.7874,0.0
16.79811,0.0
16.80883,0.0
16.81955,0.0
16.83026,0.0
16.84098,0.0
16.85169,0.0
16.86241,0.0
16.87312,0.0
16.88384,0.0
16.89456,0.0
16.90527,0.0
16.91599,0.0
16.9267,0.0
16.93742,0.0
16.94814,0.0
16.95885,0.0
16.96957,0.0
16.98028,0.0
16.991,0.0
17.00171,0.0
17.01243,0.0
17.02315,0.0
17.03386,0.0
17.04458,0.0
17.05529,0.0
17.06601,0.0
17.07673,0.0
17.08744,0.0
17.09816,0.0
17.10887,0.0
17.11959,0.0
17.1303,0.0
17.14102,0.0
17.15174,0.0
17.16245,0.0
17.17317,0.0
17.18388,0.0
17.1946,0.0
17.20532,0.0
17.21603,0.0
17.22675,0.0
17.23746,0.0
17.24818,0.0
17.25889,0.0
17.26961,0.0
17.28033,0.0
17.29104,0.0
17.30176,0.0
17.31247,0.0
17.32319,0.0
17.3339,0.0
17.34462,0.0
17.35534,0.0
17.36605,0.0
17.37677,0.0
17.38748,0.0
17.3982,0.0
17.40892,0.0
17.41963,0.0
17.43035,0.0
17.44106,0.0
17.45178,0.0
17.46249,0.0
17.47321,0.0
17.48393,0.0
17.49464,0.0
17.50536,0.0
17.51607,0.0
17.52679,0.0
17.53751,0.0
17.54822,0.0
17.55894,0.0
17.56965,0.0
17.58037,0.0
17.59108,0.0
17.6018,0.0
17.61252,0.0
17.62323,0.0
17.63395,0.0
17.64466,0.0
17.65538,0.0
17.6661,0.0
17.67681,0.0
17.68753,0.0
17.69824,0.0
17.70896,0.0
17.71967,0.0
17.73039,0.0
17.74111,0.0
17.75182,0.0
17.76254,0.0
17.77325,0.0
17.78397,0.0
17.79468,0.0
17.8054,0.0
17.81612,0.0
17.82683,0.0
17.83755,0.0
17.84826,0.0
17.85898,0.0
17.8697,0.0
17.88041,0.0
17.89113,0.0
17.90184,0.0
17.91256,0.0
17.92327,0.0
17.93399,0.0
17.94471,0.0
17.95542,0.0
17.96614,0.0
17.97685,0.0
17.98757,0.0
17.99829,0.0
18.009,0.0
18.01972,0.0
18.03043,0.0
18.04115,0.0
18.05186,0.0
18.06258,0.0
18.0733,0.0
18.08401,0.0
18.09473,0.0
18.10544,0.0
18.11616,0.0
18.12688,0.0
18.13759,0.0
18.14831,0.0
18.15902,0.0
18.16974,0.0
18.18045,0.0
18.19117,0.0
18.20189,0.0
18.2126,0.0
18.22332,0.0
18.23403,0.0
18.24475,0.0
18.25547,0.0
18.26618,0.0
18.2769,0.0
18.28761,0.0
18.29833,0.0
18.30904,0.0
18.31976,0.0
18.33048,0.0
18.34119,0.0
18.35191,0.0
18.36262,0.0
18.37334,0.0
18.38405,0.0
18.39477,0.0
18.40549,0.0
18.4162,0.0
18.42692,0.0
18.43763,0.0
18.44835,0.0
18.45907,0.0
18.46978,0.0
18.4805,0.0
18.49121,0.0
18.50193,0.0
18.51264,0.0
18.52336,0.0
18.53408,0.0
18.54479,0.0
18.55551,0.0
18.56622,0.0
18.57694,0.0
18.58766,0.0
18.59837,0.0
18.60909,0.0
18.6198,0.0
18.63052,0.0
18.64123,0.0
18.65195,0.0
18.66267,0.0
18.67338,0.0
18.6841,0.0
18.69481,0.0
18.70553,0.0
18.71625,0.0
18.72696,0.0
18.73768,0.0
18.74839,0.0
18.75911,0.0
18.76982,0.0
18.78054,0.0
18.79126,0.0
18.80197,0.0
18.81269,0.0
18.8234,0.0
18.83412,0.0
18.84483,0.0
18.85555,0.0
18.86627,0.0
18.87698,0.0
18.8877,0.0
18.89841,0.0
18.90913,0.0
18.91985,0.0
18.93056,0.0
18.94128,0.0
18.95199,0.0
18.96271,0.0
18.97342,0.0
18.98414,0.0
18.99486,0.0
19.00557,0.0
19.01629,0.0
19.027,0.0
19.03772,0.0
19.04844,0.0
19.05915,0.0
19.06987,0.0
19.08058,0.0
19.0913,0.0
19.10201,0.0
19.11273,0.0
19.12345,0.0
19.13416,0.0
19.14488,0.0
19.15559,0.0
19.16631,0.0
19.17703,0.0
19.18774,0.0
19.19846,0.0
19.20917,0.0
19.21989,0.0
19.2306,0.0
19.24132,0.0
19.25204,0.0
19.26275,0.0
19.27347,0.0
19.28418,0.0
19.2949,0.0
19.30562,0.0
19.31633,0.0
19.32705,0.0
19.33776,0.0
19.34848,0.0
19.35919,0.0
19.36991,0.0
19.38063,0.0
19.39134,0.0
19.40206,0.0
19.41277,0.0
19.42349,0.0
19.4342,0.0
19.44492,0.0
19.45564,0.0
19.46635,0.0
19.47707,0.0
19.48778,0.0
19.4985,0.0
19.50922,0.0
19.51993,0.0
19.53065,0.0
19.54136,0.0
19.55208,0.0
19.56279,0.0
19.57351,0.0
19.58423,0.0
19.59494,0.0
19.60566,0.0
19.61637,0.0
19.62709,0.0
19.63781,0.0
19.64852,0.0
19.65924,0.0
19.66995,0.0
19.68067,0.0
19.69138,0.0
19.7021,0.0
19.71282,0.0
19.72353,0.0
19.73425,0.0
19.74496,0.0
19.75568,0.0
19.7664,0.0
19.77711,0.0
19.78783,0.0
19.79854,0.0
19.80926,0.0
19.81997,0.0
19.83069,0.0
19.84141,0.0
19.85212,0.0
19.86284,0.0
19.87355,0.0
19.88427,0.0
19.89498,0.0
19.9057,0.0
19.91642,0.0
19.92713,0.0
19.93785,0.0
19.94856,0.0
19.95928,0.0
19.97,0.0
19.98071,0.0
19.99143,0.0
20.00214,0.0
20.01286,0.0
20.02357,0.0
20.03429,0.0
20.04501,0.0
20.05572,0.0
20.06644,0.0
20.07715,0.0
20.08787,0.0
20.09859,327.68
20.1093,0.0
20.12002,327.68
20.13073,0.0
20.14145,327.68
20.15216,0.0
20.16288,0.0
20.1736,327.68
20.18431,0.0
20.19503,327.68
20.20574,327.68
20.21646,327.68
20.22718,0.0
20.23789,0.0
20.24861,0.0
20.25932,0.0
20.27004,327.68
20.28075,327.68
20.29147,327.68
20.30219,0.0
20.3129,0.0
20.32362,0.0
20.33433,0.0
20.34505,0.0
20.35577,0.0
20.36648,0.0
20.3772,0.0
20.38791,0.0
20.39863,0.0
20.40934,0.0
20.42006,0.0
20.43078,0.0
20.44149,0.0
20.45221,0.0
20.46292,0.0
20.47364,0.0
20.48435,0.0
20.49507,0.0
20.50579,0.0
20.5165,0.0
20.52722,0.0
20.53793,0.0
20.54865,0.0
20.55937,0.0
20.57008,0.0
20.5808,0.0
20.59151,0.0
20.60223,0.0
20.61294,0.0
20.62366,0.0
20.63438,0.0
20.64509,0.0
20.65581,0.0
20.66652,0.0
20.67724,0.0
20.68796,0.0
20.69867,0.0
20.70939,0.0
20.7201,0.0
20.73082,0.0
20.74153,0.0
20.75225,0.0
20.76297,0.0
20.77368,0.0
20.7844,0.0
20.79511,0.0
20.80583,0.0
20.81655,0.0
20.82726,0.0
20.83798,0.0
20.84869,0.0
20.85941,0.0
20.87012,0.0
20.88084,0.0
20.89156,0.0
20.90227,0.0
20.91299,0.0
20.9237,0.0
20.93442,0.0
20.94514,0.0
20.95585,0.0
20.96657,0.0
20.97728,0.0
20.988,0.0
20.99871,0.0
21.00943,0.0
21.02015,0.0
21.03086,0.0
21.04158,0.0
21.05229,0.0
21.06301,0.0
21.07372,0.0
21.08444,0.0
21.09516,0.0
21.10587,0.0
21.11659,0.0
21.1273,0.0
21.13802,0.0
21.14874,0.0
21.15945,0.0
21.17017,0.0
21.18088,0.0
21.1916,0.0
21.20231,0.0
21.21303,0.0
21.22375,0.0
21.23446,0.0
21.24518,0.0
21.25589,0.0
21.26661,0.0
21.27733,0.0
21.28804,0.0
21.29876,0.0
21.30947,0.0
21.32019,0.0
21.3309,0.0
21.34162,0.0
21.35234,0.0
21.36305,0.0
21.37377,0.0
21.38448,0.0
21.3952,0.0
21.40592,0.0
21.41663,0.0
21.42735,0.0
21.43806,327.68
21.44878,0.0
21.45949,491.52
21.47021,327.68
21.48093,0.0
21.49164,81.92
21.50236,245.76
21.51307,245.76
21.52379,204.8
21.5345,204.8
21.54522,0.0
21.55594,409.6
21.56665,491.52
21.57737,245.76
21.58808,163.84
21.5988,368.64
21.60952,491.52
21.62023,327.68
21.63095,81.92
21.64166,245.76
21.65238,0.0
21.66309,0.0
21.67381,0.0
21.68453,491.52
21.69524,0.0
21.70596,0.0
21.71667,0.0
21.72739,327.68
21.73811,0.0
21.74882,0.0
21.75954,0.0
21.77025,0.0
21.78097,0.0
21.79168,0.0
21.8024,0.0
21.81312,0.0
21.82383,0.0
21.83455,0.0
21.84526,0.0
21.85598,0.0
21.8667,0.0
21.87741,0.0
21.88813,0.0
21.89884,0.0
21.90956,0.0
21.92027,0.0
21.93099,0.0
21.94171,0.0
21.95242,0.0
21.96314,0.0
21.97385,0.0
21.98457,0.0
21.99529,0.0
22.006,0.0
22.01672,0.0
22.02743,0.0
22.03815,0.0
22.04886,0.0
22.05958,0.0
22.0703,0.0
22.08101,0.0
22.09173,0.0
22.10244,0.0
22.11316,0.0
22.12387,0.0
22.13459,0.0
22.14531,0.0
22.15602,0.0
22.16674,0.0
22.17745,0.0
22.18817,0.0
22.19889,0.0
22.2096,0.0
22.22032,0.0
22.23103,0.0
22.24175,0.0
22.25246,0.0
22.26318,0.0
22.2739,0.0
22.28461,0.0
22.29533,0.0
22.30604,0.0
22.31676,0.0
22.32748,0.0
22.33819,0.0
22.34891,0.0
22.35962,0.0
22.37034,0.0
22.38105,0.0
22.39177,0.0
22.40249,0.0
22.4132,0.0
22.42392,0.0
22.43463,0.0
22.44535,0.0
22.45607,0.0
22.46678,0.0
22.4775,0.0
22.48821,0.0
22.49893,0.0
22.50964,0.0
22.52036,0.0
22.53108,0.0
22.54179,0.0
22.55251,0.0
22.56322,0.0
22.57394,0.0
22.58465,0.0
22.59537,0.0
22.60609,0.0
22.6168,0.0
22.62752,0.0
22.63823,0.0
22.64895,0.0
22.65967,0.0
22.67038,0.0
22.6811,0.0
22.69181,0.0
22.70253,0.0
22.71324,0.0
22.72396,0.0
22.73468,0.0
22.74539,0.0
22.75611,327.68
22.76682,327.68
22.77754,327.68
22.78826,163.84
22.79897,163.84
22.80969,491.52
22.8204,0.0
22.83112,491.52
22.84183,163.84
22.85255,327.68
22.86327,491.52
22.87398,163.84
22.8847,327.68
22.89541,327.68
22.90613,0.0
22.91685,0.0
22.92756,327.68
22.93828,327.68
22.94899,327.68
22.95971,327.68
22.97042,327.68
22.98114,0.0
22.99186,0.0
23.00257,0.0
23.01329,0.0
23.024,0.0
23.03472,0.0
23.04544,0.0
23.05615,0.0
23.06687,0.0
23.07758,0.0
23.0883,0.0
23.09901,0.0
23.10973,0.0
23.12045,0.0
23.13116,0.0
23.14188,0.0
23.15259,0.0
23.16331,0.0
23.17402,0.0
23.18474,0.0
23.19546,0.0
23.20617,0.0
23.21689,0.0
23.2276,0.0
23.23832,0.0
23.24904,0.0
23.25975,0.0
23.27047,0.0
23.28118,0.0
23.2919,0.0
23.30261,0.0
23.31333,0.0
23.32405,0.0
23.33476,0.0
23.34548,0.0
23.35619,0.0
23.36691,0.0
23.37763,0.0
23.38834,0.0
23.39906,0.0
23.40977,0.0
23.42049,0.0
23.4312,0.0
23.44192,0.0
23.45264,0.0
23.46335,0.0
23.47407,0.0
23.48478,0.0
23.4955,0.0
23.50622,0.0
23.51693,0.0
23.52765,0.0
23.53836,0.0
23.54908,0.0
23.55979,0.0
23.57051,0.0
23.58123,0.0
23.59194,0.0
23.60266,0.0
23.61337,0.0
23.62409,0.0
23.6348,0.0
23.64552,0.0
23.65624,0.0
23.66695,0.0
23.67767,0.0
23.68838,0.0
23.6991,0.0
23.70982,0.0
23.72053,0.0
23.73125,0.0
23.74196,0.0
23.75268,0.0
23.76339,0.0
23.77411,0.0
23.78483,0.0
23.79554,0.0
23.80626,0.0
23.81697,0.0
23.82769,0.0
23.83841,0.0
23.84912,0.0
23.85984,0.0
23.87055,0.0
23.88127,0.0
23.89198,0.0
23.9027,0.0
23.91342,0.0
23.92413,0.0
23.93485,0.0
23.94556,0.0
23.95628,0.0
23.967,0.0
23.97771,0.0
23.98843,0.0
23.99914,0.0
24.00986,0.0
24.02057,0.0
24.03129,0.0
24.04201,0.0
24.05272,0.0
24.06344,0.0
24.07415,0.0
24.08487,0.0
24.09559,0.0
24.1063,0.0
24.11702,0.0
24.12773,0.0
24.13845,0.0
24.14916,0.0
24.15988,0.0
24.1706,0.0
24.18131,0.0
24.19203,0.0
24.20274,0.0
24.21346,0.0
24.22417,0.0
24.23489,0.0
24.24561,0.0
24.25632,0.0
24.26704,0.0
24.27775,0.0
24.28847,0.0
24.29919,0.0
24.3099,0.0
24.32062,0.0
24.33133,0.0
24.34205,0.0
24.35276,0.0
24.36348,0.0
24.3742,0.0
24.38491,0.0
24.39563,0.0
24.40634,0.0
24.41706,0.0
24.42778,0.0
24.43849,0.0
24.44921,0.0
24.45992,0.0
24.47064,0.0
24.48135,0.0
24.49207,0.0
24.50279,0.0
24.5135,0.0
24.52422,0.0
24.53493,0.0
24.54565,0.0
24.55637,0.0
24.56708,0.0
24.5778,0.0
24.58851,0.0
24.59923,0.0
24.60994,0.0
24.62066,0.0
24.63138,0.0
24.64209,0.0
24.65281,0.0
24.66352,0.0
24.67424,0.0
24.68495,0.0
24.69567,0.0
24.70639,0.0
24.7171,0.0
24.72782,0.0
24.73853,0.0
24.74925,0.0
24.75997,0.0
24.77068,0.0
24.7814,0.0
24.79211,0.0
24.80283,0.0
24.81354,0.0
24.82426,0.0
24.83498,0.0
24.84569,0.0
24.85641,0.0
24.86712,0.0
24.87784,0.0
24.88856,0.0
24.89927,0.0
24.90999,0.0
24.9207,0.0
24.93142,0.0
24.94213,0.0
24.95285,0.0
24.96357,0.0
24.97428,0.0
24.985,0.0
24.99571,0.0
25.00643,0.0
25.01715,0.0
25.02786,0.0
25.03858,0.0
25.04929,0.0
25.06001,0.0
25.07072,0.0
25.08144,0.0
25.09216,0.0
25.10287,0.0
25.11359,0.0
25.1243,0.0
25.13502,0.0
25.14574,0.0
25.15645,0.0
25.16717,0.0
25.17788,0.0
25.1886,0.0
25.19931,0.0
25.21003,0.0
25.22075,0.0
25.23146,0.0
25.24218,0.0
25.25289,0.0
25.26361,0.0
25.27432,0.0
25.28504,0.0
25.29576,0.0
25.30647,0.0
25.31719,0.0
25.3279,0.0
25.33862,0.0
25.34934,0.0
25.36005,0.0
25.37077,0.0
25.38148,0.0
25.3922,0.0
25.40291,0.0
25.41363,0.0
25.42435,0.0
25.43506,0.0
25.44578,0.0
25.45649,0.0
25.46721,0.0
25.47793,0.0
25.48864,0.0
25.49936,0.0
25.51007,0.0
25.52079,0.0
25.5315,0.0
25.54222,0.0
25.55294,0.0
25.56365,0.0
25.57437,0.0
25.58508,0.0
25.5958,0.0
25.60652,0.0
25.61723,0.0
25.62795,0.0
25.63866,0.0
25.64938,0.0
25.66009,0.0
25.67081,0.0
25.68153,0.0
25.69224,0.0
25.70296,0.0
25.71367,0.0
25.72439,0.0
25.73511,0.0
25.74582,0.0
25.75654,0.0
25.76725,0.0
25.77797,0.0
25.78868,0.0
25.7994,0.0
25.81012,0.0
25.82083,0.0
25.83155,0.0
25.84226,0.0
25.85298,0.0
25.86369,0.0
25.87441,0.0
25.88513,0.0
25.89584,0.0
25.90656,0.0
25.91727,0.0
25.92799,0.0
25.93871,0.0
25.94942,0.0
25.96014,0.0
25.97085,0.0
25.98157,0.0
25.99228,0.0
26.003,0.0
26.01372,0.0
26.02443,0.0
26.03515,0.0
26.04586,0.0
26.05658,0.0
26.0673,0.0
26.07801,0.0
26.08873,0.0
26.09944,0.0
26.11016,0.0
26.12087,0.0
26.13159,0.0
26.14231,0.0
26.15302,0.0
26.16374,0.0
26.17445,0.0
26.18517,0.0
26.19589,0.0
26.2066,0.0
26.21732,0.0
26.22803,0.0
26.23875,0.0
26.24946,0.0
26.26018,0.0
26.2709,0.0
26.28161,0.0
26.29233,0.0
26.30304,0.0
26.31376,0.0
26.32447,0.0
26.33519,0.0
26.34591,0.0
26.35662,0.0
26.36734,0.0
26.37805,0.0
26.38877,0.0
26.39949,0.0
26.4102,0.0
26.42092,0.0
26.43163,0.0
26.44235,0.0
26.45306,0.0
26.46378,0.0
26.4745,0.0
26.48521,0.0
26.49593,0.0
26.50664,0.0
26.51736,0.0
26.52808,0.0
26.53879,0.0
26.54951,0.0
26.56022,0.0
26.57094,0.0
26.58165,0.0
26.59237,0.0
26.60309,0.0
26.6138,0.0
26.62452,0.0
26.63523,0.0
26.64595,0.0
26.65667,0.0
26.66738,0.0
26.6781,0.0
26.68881,0.0
26.69953,0.0
26.71024,0.0
26.72096,0.0
26.73168,0.0
26.74239,0.0
26.75311,0.0
26.76382,0.0
26.77454,0.0
26.78526,0.0
26.79597,0.0
26.80669,0.0
26.8174,0.0
26.82812,0.0
26.83883,0.0
26.84955,0.0
26.86027,0.0
26.87098,0.0
26.8817,0.0
26.89241,0.0
26.90313,0.0
26.91384,0.0
26.92456,0.0
26.93528,0.0
26.94599,0.0
26.95671,0.0
26.96742,0.0
26.97814,0.0
26.98886,0.0
26.99957,0.0
27.01029,0.0
27.021,0.0
27.03172,0.0
27.04243,0.0
27.05315,0.0
27.06387,0.0
27.07458,0.0
27.0853,0.0
27.09601,0.0
27.10673,0.0
27.11745,0.0
27.12816,0.0
27.13888,0.0
27.14959,0.0
27.16031,0.0
27.17102,0.0
27.18174,0.0
27.19246,0.0
27.20317,0.0
27.21389,0.0
27.2246,0.0
27.23532,0.0
27.24604,0.0
27.25675,0.0
27.26747,0.0
27.27818,0.0
27.2889,0.0
27.29961,0.0
27.31033,0.0
27.32105,0.0
27.33176,0.0
27.34248,0.0
27.35319,0.0
27.36391,0.0
27.37462,0.0
27.38534,0.0
27.39606,0.0
27.40677,0.0
27.41749,0.0
27.4282,0.0
27.43892,0.0
27.44964,0.0
27.46035,0.0
27.47107,0.0
27.48178,0.0
27.4925,0.0
27.50321,0.0
27.51393,0.0
27.52465,0.0
27.53536,0.0
27.54608,0.0
27.55679,0.0
27.56751,0.0
27.57823,0.0
27.58894,0.0
27.59966,0.0
27.61037,0.0
27.62109,0.0
27.6318,0.0
27.64252,0.0
27.65324,0.0
27.66395,0.0
27.67467,0.0
27.68538,0.0
27.6961,0.0
27.70682,0.0
27.71753,0.0
27.72825,0.0
27.73896,0.0
27.74968,0.0
27.76039,0.0
27.77111,0.0
27.78183,0.0
27.79254,0.0
27.80326,0.0
27.81397,0.0
27.82469,0.0
27.83541,0.0
27.84612,327.68
27.85684,0.0
27.86755,0.0
27.87827,491.52
27.88898,0.0
27.8997,327.68
27.91042,491.52
27.92113,491.52
27.93185,163.84
27.94256,0.0
27.95328,0.0
27.96399,0.0
27.97471,327.68
27.98543,0.0
27.99614,0.0
28.00686,0.0
28.01757,0.0
28.02829,0.0
28.03901,0.0
28.04972,0.0
28.06044,0.0
28.07115,0.0
28.08187,0.0
28.09258,0.0
28.1033,0.0
28.11402,0.0
28.12473,0.0
28.13545,0.0
28.14616,0.0
28.15688,0.0
28.1676,0.0
28.17831,0.0
28.18903,0.0
28.19974,0.0
28.21046,0.0
28.22117,0.0
28.23189,0.0
28.24261,0.0
28.25332,0.0
28.26404,0.0
28.27475,0.0
28.28547,0.0
28.29619,0.0
28.3069,0.0
28.31762,0.0
28.32833,0.0
28.33905,0.0
28.34976,0.0
28.36048,0.0
28.3712,0.0
28.38191,0.0
28.39263,0.0
28.40334,0.0
28.41406,0.0
28.42477,0.0
28.43549,0.0
28.44621,0.0
28.45692,0.0
28.46764,0.0
28.47835,0.0
28.48907,0.0
28.49979,0.0
28.5105,0.0
28.52122,0.0
28.53193,0.0
28.54265,0.0
28.55336,0.0
28.56408,0.0
28.5748,0.0
28.58551,0.0
28.59623,0.0
28.60694,0.0
28.61766,0.0
28.62838,0.0
28.63909,0.0
28.64981,0.0
28.66052,0.0
28.67124,0.0
28.68195,0.0
28.69267,0.0
28.70339,0.0
28.7141,0.0
28.72482,0.0
28.73553,0.0
28.74625,0.0
28.75697,0.0
28.76768,0.0
28.7784,0.0
28.78911,0.0
28.79983,0.0
28.81054,0.0
28.82126,0.0
28.83198,0.0
28.84269,0.0
28.85341,0.0
28.86412,0.0
28.87484,0.0
28.88556,0.0
28.89627,0.0
28.90699,0.0
28.9177,0.0
28.92842,0.0
28.93913,0.0
28.94985,0.0
28.96057,0.0
28.97128,0.0
28.982,0.0
28.99271,0.0
29.00343,0.0
29.01414,0.0
29.02486,0.0
29.03558,0.0
29.04629,0.0
29.05701,0.0
29.06772,0.0
29.07844,0.0
29.08916,0.0
29.09987,0.0
29.11059,0.0
29.1213,0.0
29.13202,0.0
29.14273,0.0
29.15345,0.0
29.16417,0.0
29.17488,0.0
29.1856,0.0
29.19631,0.0
29.20703,0.0
29.21775,0.0
29.22846,0.0
29.23918,0.0
29.24989,0.0
29.26061,0.0
29.27132,0.0
29.28204,0.0
29.29276,0.0
29.30347,0.0
29.31419,0.0
29.3249,0.0
29.33562,0.0
29.34634,0.0
29.35705,0.0
29.36777,0.0
29.37848,0.0
29.3892,0.0
29.39991,0.0
29.41063,0.0
29.42135,0.0
29.43206,0.0
29.44278,0.0
29.45349,0.0
29.46421,0.0
29.47492,0.0
29.48564,0.0
29.49636,0.0
29.50707,0.0
29.51779,0.0
29.5285,0.0
29.53922,0.0
29.54994,0.0
29.56065,0.0
29.57137,0.0
29.58208,0.0
29.5928,0.0
29.60351,0.0
29.61423,0.0
29.62495,0.0
29.63566,0.0
29.64638,0.0
29.65709,0.0
29.66781,0.0
29.67853,327.68
29.68924,0.0
29.69996,0.0
29.71067,0.0
29.72139,0.0
29.7321,327.68
29.74282,0.0
29.75354,163.84
29.76425,0.0
29.77497,491.52
29.78568,327.68
29.7964,409.6
29.80712,81.92
29.81783,0.0
29.82855,0.0
29.83926,163.84
29.84998,245.76
29.86069,409.6
29.87141,81.92
29.88213,327.68
29.89284,573.44
29.90356,409.6
29.91427,163.84
29.92499,327.68
29.93571,163.84
29.94642,327.68
29.95714,327.68
29.96785,0.0
29.97857,491.52
29.98928,0.0
30.0,327.68
30.01072,0.0
30.02143,327.68
30.03215,327.68
30.04286,0.0
30.05358,0.0
30.06429,0.0
30.07501,0.0
30.08573,0.0
30.09644,0.0
30.10716,0.0
30.11787,0.0
30.12859,0.0
30.13931,0.0
30.15002,0.0
30.16074,0.0
30.17145,0.0
30.18217,0.0
30.19288,0.0
30.2036,0.0
30.21432,0.0
30.22503,0.0
30.23575,0.0
30.24646,0.0
30.25718,0.0
30.2679,0.0
30.27861,0.0
30.28933,0.0
30.30004,0.0
30.31076,0.0
30.32147,0.0
30.33219,0.0
30.34291,0.0
30.35362,0.0
30.36434,0.0
30.37505,0.0
30.38577,0.0
30.39649,0.0
30.4072,0.0
30.41792,0.0
30.42863,0.0
30.43935,0.0
30.45006,0.0
30.46078,0.0
30.4715,0.0
30.48221,0.0
30.49293,0.0
30.50364,0.0
30.51436,0.0
30.52508,0.0
30.53579,0.0
30.54651,0.0
30.55722,0.0
30.56794,0.0
30.57865,0.0
30.58937,0.0
30.60009,0.0
30.6108,0.0
30.62152,0.0
30.63223,0.0
30.64295,0.0
30.65366,0.0
30.66438,0.0
30.6751,0.0
30.68581,0.0
30.69653,0.0
30.70724,0.0
30.71796,0.0
30.72868,0.0
30.73939,0.0
30.75011,0.0
30.76082,0.0
30.77154,0.0
30.78225,0.0
30.79297,0.0
30.80369,0.0
30.8144,0.0
30.82512,0.0
30.83583,0.0
30.84655,0.0
30.85727,0.0
30.86798,0.0
30.8787,0.0
30.88941,0.0
30.90013,0.0
30.91084,0.0
30.92156,0.0
30.93228,0.0
30.94299,0.0
30.95371,0.0
30.96442,0.0
30.97514,0.0
30.98586,0.0
30.99657,0.0
31.00729,0.0
31.018,0.0
31.02872,0.0
31.03943,0.0
31.05015,0.0
31.06087,0.0
31.07158,0.0
31.0823,0.0
31.09301,0.0
31.10373,0.0
31.11444,0.0
31.12516,0.0
31.13588,0.0
31.14659,0.0
31.15731,0.0
31.16802,0.0
31.17874,0.0
31.18946,0.0
31.20017,0.0
31.21089,0.0
31.2216,0.0
31.23232,0.0
31.24303,0.0
31.25375,0.0
31.26447,0.0
31.27518,0.0
31.2859,0.0
31.29661,0.0
31.30733,0.0
31.31805,0.0
31.32876,0.0
31.33948,0.0
31.35019,0.0
31.36091,0.0
31.37162,0.0
31.38234,0.0
31.39306,0.0
31.40377,0.0
31.41449,0.0
31.4252,0.0
31.43592,0.0
31.44664,0.0
31.45735,0.0
31.46807,0.0
31.47878,0.0
31.4895,0.0
31.50021,0.0
31.51093,0.0
31.52165,0.0
31.53236,0.0
31.54308,0.0
31.55379,0.0
31.56451,0.0
31.57523,0.0
31.58594,0.0
31.59666,0.0
31.60737,0.0
31.61809,0.0
31.6288,0.0
31.63952,0.0
31.65024,0.0
31.66095,0.0
31.67167,0.0
31.68238,0.0
31.6931,0.0
31.70381,0.0
31.71453,0.0
31.72525,0.0
31.73596,0.0
31.74668,0.0
31.75739,0.0
31.76811,0.0
31.77883,0.0
31.78954,0.0
31.80026,0.0
31.81097,0.0
31.82169,0.0
31.8324,0.0
31.84312,0.0
31.85384,0.0
31.86455,0.0
31.87527,0.0
31.88598,0.0
31.8967,0.0
31.90742,0.0
31.91813,0.0
31.92885,0.0
31.93956,0.0
31.95028,0.0
31.96099,0.0
31.97171,0.0
31.98243,0.0
31.99314,0.0
32.00386,0.0
32.01457,0.0
32.02529,0.0
32.03601,0.0
32.04672,0.0
32.05744,0.0
32.06815,0.0
32.07887,0.0
32.08958,0.0
32.1003,0.0
32.11102,0.0
32.12173,0.0
32.13245,0.0
32.14316,0.0
32.15388,0.0
32.16459,0.0
32.17531,0.0
32.18603,0.0
32.19674,0.0
32.20746,0.0
32.21817,0.0
32.22889,0.0
32.23961,0.0
32.25032,0.0
32.26104,0.0
32.27175,0.0
32.28247,0.0
32.29318,0.0
32.3039,0.0
32.31462,0.0
32.32533,0.0
32.33605,0.0
32.34676,0.0
32.35748,0.0
32.3682,0.0
32.37891,0.0
32.38963,327.68
32.40034,0.0
32.41106,327.68
32.42177,491.52
32.43249,0.0
32.44321,491.52
32.45392,491.52
32.46464,491.52
32.47535,81.92
32.48607,163.84
32.49679,0.0
32.5075,327.68
32.51822,327.68
32.52893,491.52
32.53965,0.0
32.55036,0.0
32.56108,0.0
32.5718,491.52
32.58251,0.0
32.59323,491.52
32.60394,0.0
32.61466,0.0
32.62538,0.0
32.63609,327.68
32.64681,0.0
32.65752,0.0
32.66824,327.68
32.67895,0.0
32.68967,0.0
32.70039,0.0
32.7111,0.0
32.72182,0.0
32.73253,0.0
32.74325,0.0
32.75396,0.0
32.76468,0.0
32.7754,0.0
32.78611,0.0
32.79683,0.0
32.80754,0.0
32.81826,0.0
32.82898,0.0
32.83969,0.0
32.85041,0.0
32.86112,0.0
32.87184,0.0
32.88255,0.0
32.89327,0.0
32.90399,0.0
32.9147,0.0
32.92542,0.0
32.93613,0.0
32.94685,0.0
32.95757,0.0
32.96828,0.0
32.979,0.0
32.98971,0.0
33.00043,0.0
33.01114,0.0
33.02186,0.0
33.03258,0.0
33.04329,0.0
33.05401,0.0
33.06472,0.0
33.07544,0.0
33.08616,0.0
33.09687,0.0
33.10759,0.0
33.1183,0.0
33.12902,0.0
33.13973,0.0
33.15045,0.0
33.16117,0.0
33.17188,0.0
33.1826,0.0
33.19331,0.0
33.20403,0.0
33.21474,0.0
33.22546,0.0
33.23618,0.0
33.24689,0.0
33.25761,0.0
33.26832,0.0
33.27904,0.0
33.28976,0.0
33.30047,0.0
33.31119,0.0
33.3219,0.0
33.33262,0.0
33.34333,0.0
33.35405,0.0
33.36477,0.0
33.37548,0.0
33.3862,0.0
33.39691,0.0
33.40763,0.0
33.41835,0.0
33.42906,0.0
33.43978,0.0
33.45049,0.0
33.46121,0.0
33.47192,0.0
33.48264,0.0
33.49336,0.0
33.50407,0.0
33.51479,0.0
33.5255,0.0
33.53622,0.0
33.54694,0.0
33.55765,0.0
33.56837,0.0
33.57908,0.0
33.5898,0.0
33.60051,0.0
33.61123,0.0
33.62195,0.0
33.63266,0.0
33.64338,0.0
33.65409,0.0
33.66481,0.0
33.67553,0.0
33.68624,0.0
33.69696,0.0
33.70767,0.0
33.71839,0.0
33.7291,0.0
33.73982,0.0
33.75054,0.0
33.76125,0.0
33.77197,0.0
33.78268,0.0
33.7934,0.0
33.80411,0.0
33.81483,0.0
33.82555,0.0
33.83626,0.0
33.84698,0.0
33.85769,0.0
33.86841,0.0
33.87913,0.0
33.88984,0.0
33.90056,0.0
33.91127,0.0
33.92199,0.0
33.9327,0.0
33.94342,0.0
33.95414,0.0
33.96485,0.0
33.97557,0.0
33.98628,0.0
33.997,0.0
34.00772,0.0
34.01843,0.0
34.02915,0.0
34.03986,0.0
34.05058,0.0
34.06129,0.0
34.07201,0.0
34.08273,0.0
34.09344,0.0
34.10416,0.0
34.11487,0.0
34.12559,0.0
34.13631,0.0
34.14702,0.0
34.15774,0.0
34.16845,0.0
34.17917,0.0
34.18988,0.0
34.2006,0.0
34.21132,0.0
34.22203,0.0
34.23275,0.0
34.24346,0.0
34.25418,0.0
34.26489,0.0
34.27561,0.0
34.28633,0.0
34.29704,0.0
34.30776,0.0
34.31847,0.0
34.32919,0.0
34.33991,0.0
34.35062,0.0
34.36134,0.0
34.37205,0.0
34.38277,0.0
34.39348,0.0
34.4042,0.0
34.41492,0.0
34.42563,0.0
34.43635,0.0
34.44706,0.0
34.45778,0.0
34.4685,0.0
34.47921,0.0
34.48993,0.0
34.50064,0.0
34.51136,0.0
34.52207,0.0
34.53279,0.0
34.54351,0.0
34.55422,0.0
34.56494,0.0
34.57565,0.0
34.58637,0.0
34.59709,0.0
34.6078,0.0
34.61852,0.0
34.62923,0.0
34.63995,0.0
34.65066,0.0
34.66138,0.0
34.6721,0.0
34.68281,0.0
34.69353,0.0
34.70424,0.0
34.71496,0.0
34.72568,0.0
34.73639,0.0
34.74711,0.0
34.75782,0.0
34.76854,0.0
34.77925,0.0
34.78997,0.0
34.80069,0.0
34.8114,0.0
34.82212,0.0
34.83283,0.0
34.84355,0.0
34.85426,0.0
34.86498,0.0
34.8757,0.0
34.88641,0.0
34.89713,0.0
34.90784,0.0
34.91856,0.0
34.92928,0.0
34.93999,0.0
34.95071,0.0
34.96142,0.0
34.97214,0.0
34.98285,0.0
34.99357,0.0
35.00429,0.0
35.015,0.0
35.02572,0.0
35.03643,0.0
35.04715,0.0
35.05787,0.0
35.06858,0.0
35.0793,0.0
35.09001,0.0
35.10073,0.0
35.11144,0.0
35.12216,0.0
35.13288,0.0
35.14359,0.0
35.15431,0.0
35.16502,0.0
35.17574,0.0
35.18646,0.0
35.19717,0.0
35.20789,0.0
35.2186,0.0
35.22932,0.0
35.24003,0.0
35.25075,0.0
35.26147,0.0
35.27218,0.0
35.2829,0.0
35.29361,0.0
35.30433,0.0
35.31505,0.0
35.32576,0.0
35.33648,0.0
35.34719,0.0
35.35791,0.0
35.36862,0.0
35.37934,0.0
35.39006,0.0
35.40077,0.0
35.41149,0.0
35.4222,0.0
35.43292,0.0
35.44363,0.0
35.45435,0.0
35.46507,0.0
35.47578,0.0
35.4865,0.0
35.49721,0.0
35.50793,0.0
35.51865,0.0
35.52936,0.0
35.54008,0.0
35.55079,0.0
35.56151,0.0
35.57222,0.0
35.58294,0.0
35.59366,0.0
35.60437,0.0
35.61509,0.0
35.6258,0.0
35.63652,0.0
35.64724,0.0
35.65795,327.68
35.66867,327.68
35.67938,0.0
35.6901,0.0
35.70081,0.0
35.71153,327.68
35.72225,327.68
35.73296,327.68
35.74368,327.68
35.75439,0.0
35.76511,327.68
35.77583,327.68
35.78654,327.68
35.79726,0.0
35.80797,0.0
35.81869,0.0
35.8294,327.68
35.84012,0.0
35.85084,0.0
35.86155,0.0
35.87227,0.0
35.88298,0.0
35.8937,0.0
35.90441,0.0
35.91513,0.0
35.92585,0.0
35.93656,0.0
35.94728,0.0
35.95799,0.0
35.96871,0.0
35.97943,0.0
35.99014,0.0
36.00086,0.0
36.01157,0.0
36.02229,0.0
36.033,0.0
36.04372,0.0
36.05444,0.0
36.06515,0.0
36.07587,0.0
36.08658,0.0
36.0973,0.0
36.10802,0.0
36.11873,0.0
36.12945,0.0
36.14016,0.0
36.15088,0.0
36.16159,0.0
36.17231,0.0
36.18303,0.0
36.19374,0.0
36.20446,0.0
36.21517,0.0
36.22589,0.0
36.23661,0.0
36.24732,0.0
36.25804,0.0
36.26875,0.0
36.27947,0.0
36.29018,0.0
36.3009,0.0
36.31162,0.0
36.32233,0.0
36.33305,0.0
36.34376,0.0
36.35448,0.0
36.3652,0.0
36.37591,0.0
36.38663,0.0
36.39734,0.0
36.40806,0.0
36.41877,0.0
36.42949,0.0
36.44021,0.0
36.45092,0.0
36.46164,0.0
36.47235,0.0
36.48307,0.0
36.49378,0.0
36.5045,0.0
36.51522,0.0
36.52593,0.0
36.53665,0.0
36.54736,0.0
36.55808,0.0
36.5688,0.0
36.57951,0.0
36.59023,0.0
36.60094,0.0
36.61166,0.0
36.62237,0.0
36.63309,0.0
36.64381,0.0
36.65452,0.0
36.66524,0.0
36.67595,0.0
36.68667,0.0
36.69739,0.0
36.7081,0.0
36.71882,0.0
36.72953,0.0
36.74025,0.0
36.75096,0.0
36.76168,0.0
36.7724,0.0
36.78311,0.0
36.79383,0.0
36.80454,0.0
36.81526,0.0
36.82598,0.0
36.83669,0.0
36.84741,0.0
36.85812,0.0
36.86884,0.0
36.87955,0.0
36.89027,0.0
36.90099,0.0
36.9117,0.0
36.92242,0.0
36.93313,0.0
36.94385,0.0
36.95456,0.0
36.96528,0.0
36.976,0.0
36.98671,0.0
36.99743,0.0
37.00814,0.0
37.01886,0.0
37.02958,0.0
37.04029,0.0
37.05101,0.0
37.06172,0.0
37.07244,0.0
37.08315,0.0
37.09387,0.0
37.10459,0.0
37.1153,0.0
37.12602,0.0
37.13673,0.0
37.14745,0.0
37.15817,0.0
37.16888,0.0
37.1796,0.0
37.19031,0.0
37.20103,0.0
37.21174,0.0
37.22246,0.0
37.23318,0.0
37.24389,0.0
37.25461,0.0
37.26532,0.0
37.27604,0.0
37.28676,0.0
37.29747,0.0
37.30819,0.0
37.3189,0.0
37.32962,0.0
37.34033,0.0
37.35105,0.0
37.36177,0.0
37.37248,0.0
37.3832,0.0
37.39391,0.0
37.40463,0.0
37.41535,0.0
37.42606,0.0
37.43678,0.0
37.44749,0.0
37.45821,0.0
37.46892,0.0
37.47964,0.0
37.49036,0.0
37.50107,0.0
37.51179,0.0
37.5225,0.0
37.53322,0.0
37.54393,0.0
37.55465,0.0
37.56537,0.0
37.57608,0.0
37.5868,0.0
37.59751,0.0
37.60823,0.0
37.61895,0.0
37.62966,0.0
37.64038,0.0
37.65109,0.0
37.66181,0.0
37.67252,0.0
37.68324,0.0
37.69396,0.0
37.70467,0.0
37.71539,0.0
37.7261,0.0
37.73682,0.0
37.74754,0.0
37.75825,0.0
37.76897,0.0
37.77968,0.0
37.7904,0.0
37.80111,0.0
37.81183,0.0
37.82255,0.0
37.83326,0.0
37.84398,0.0
37.85469,0.0
37.86541,0.0
37.87613,0.0
37.88684,0.0
37.89756,0.0
37.90827,0.0
37.91899,0.0
37.9297,0.0
37.94042,0.0
37.95114,0.0
37.96185,0.0
37.97257,0.0
37.98328,327.68
37.994,327.68
38.00471,327.68
38.01543,491.52
38.02615,491.52
38.03686,163.84
38.04758,327.68
38.05829,163.84
38.06901,491.52
38.07973,491.52
38.09044,0.0
38.10116,491.52
38.11187,491.52
38.12259,491.52
38.1333,0.0
38.14402,0.0
38.15474,327.68
38.16545,0.0
38.17617,0.0
38.18688,0.0
38.1976,0.0
38.20832,327.68
38.21903,0.0
38.22975,327.68
38.24046,0.0
38.25118,0.0
38.26189,0.0
38.27261,0.0
38.28333,0.0
38.29404,0.0
38.30476,0.0
38.31547,0.0
38.32619,0.0
38.33691,0.0
38.34762,0.0
38.35834,0.0
38.36905,0.0
38.37977,0.0
38.39048,0.0
38.4012,0.0
38.41192,0.0
38.42263,0.0
38.43335,0.0
38.44406,0.0
38.45478,0.0
38.4655,0.0
38.47621,0.0
38.48693,0.0
38.49764,0.0
38.50836,0.0
38.51907,0.0
38.52979,0.0
38.54051,0.0
38.55122,0.0
38.56194,0.0
38.57265,0.0
38.58337,0.0
38.59408,0.0
38.6048,0.0
38.61552,0.0
38.62623,0.0
38.63695,0.0
38.64766,0.0
38.65838,0.0
38.6691,0.0
38.67981,0.0
38.69053,0.0
38.70124,0.0
38.71196,0.0
38.72267,0.0
38.73339,0.0
38.74411,0.0
38.75482,0.0
38.76554,0.0
38.77625,0.0
38.78697,0.0
38.79769,0.0
38.8084,0.0
38.81912,0.0
38.82983,0.0
38.84055,0.0
38.85126,0.0
38.86198,0.0
38.8727,0.0
38.88341,0.0
38.89413,0.0
38.90484,0.0
38.91556,0.0
38.92628,0.0
38.93699,0.0
38.94771,0.0
38.95842,0.0
38.96914,0.0
38.97985,0.0
38.99057,0.0
39.00129,0.0
39.012,0.0
39.02272,0.0
39.03343,0.0
39.04415,0.0
39.05486,0.0
39.06558,0.0
39.0763,0.0
39.08701,0.0
39.09773,0.0
39.10844,0.0
39.11916,0.0
39.12988,0.0
39.14059,0.0
39.15131,0.0
39.16202,0.0
39.17274,0.0
39.18345,0.0
39.19417,0.0
39.20489,0.0
39.2156,0.0
39.22632,0.0
39.23703,0.0
39.24775,0.0
39.25847,0.0
39.26918,0.0
39.2799,0.0
39.29061,0.0
39.30133,0.0
39.31204,0.0
39.32276,0.0
39.33348,0.0
39.34419,0.0
39.35491,0.0
39.36562,0.0
39.37634,0.0
39.38706,0.0
39.39777,0.0
39.40849,0.0
39.4192,0.0
39.42992,0.0
39.44063,0.0
39.45135,0.0
39.46207,0.0
39.47278,0.0
39.4835,0.0
39.49421,0.0
39.50493,0.0
39.51565,0.0
39.52636,0.0
39.53708,0.0
39.54779,0.0
39.55851,0.0
39.56922,0.0
39.57994,0.0
39.59066,0.0
39.60137,0.0
39.61209,0.0
39.6228,0.0
39.63352,0.0
39.64423,0.0
39.65495,0.0
39.66567,0.0
39.67638,0.0
39.6871,0.0
39.69781,0.0
39.70853,0.0
39.71925,0.0
39.72996,0.0
39.74068,0.0
39.75139,0.0
39.76211,0.0
39.77282,0.0
39.78354,0.0
39.79426,0.0
39.80497,0.0
39.81569,0.0
39.8264,0.0
39.83712,0.0
39.84784,0.0
39.85855,0.0
39.86927,0.0
39.87998,0.0
39.8907,0.0
39.90141,0.0
39.91213,0.0
39.92285,0.0
39.93356,0.0
39.94428,0.0
39.95499,0.0
39.96571,0.0
39.97643,0.0
39.98714,0.0
39.99786,0.0
40.00857,0.0
40.01929,0.0
40.03,0.0
40.04072,0.0
40.05144,0.0
40.06215,0.0
40.07287,0.0
40.08358,0.0
40.0943,0.0
40.10502,0.0
40.11573,0.0
40.12645,0.0
40.13716,0.0
40.14788,0.0
40.15859,0.0
40.16931,0.0
40.18003,0.0
40.19074,0.0
40.20146,0.0
40.21217,0.0
40.22289,0.0
40.2336,0.0
40.24432,0.0
40.25504,0.0
40.26575,0.0
40.27647,0.0
40.28718,0.0
40.2979,0.0
40.30862,0.0
40.31933,0.0
40.33005,0.0
40.34076,0.0
40.35148,0.0
40.36219,0.0
40.37291,0.0
40.38363,0.0
40.39434,0.0
40.40506,0.0
40.41577,0.0
40.42649,0.0
40.43721,0.0
40.44792,0.0
40.45864,0.0
40.46935,0.0
40.48007,0.0
40.49078,0.0
40.5015,0.0
40.51222,0.0
40.52293,0.0
40.53365,0.0
40.54436,0.0
40.55508,0.0
40.5658,0.0
40.57651,0.0
40.58723,0.0
40.59794,0.0
40.60866,0.0
40.61937,0.0
40.63009,0.0
40.64081,0.0
40.65152,0.0
40.66224,0.0
40.67295,0.0
40.68367,0.0
40.69438,0.0
40.7051,0.0
40.71582,0.0
40.72653,0.0
40.73725,0.0
40.74796,0.0
40.75868,0.0
40.7694,0.0
40.78011,0.0
40.79083,0.0
40.80154,0.0
40.81226,0.0
40.82297,0.0
40.83369,0.0
40.84441,0.0
40.85512,0.0
40.86584,0.0
40.87655,0.0
40.88727,0.0
40.89799,0.0
40.9087,0.0
40.91942,0.0
40.93013,0.0
40.94085,0.0
40.95156,0.0
40.96228,0.0
40.973,0.0
40.98371,0.0
40.99443,0.0
41.00514,0.0
41.01586,0.0
41.02658,0.0
41.03729,0.0
41.04801,0.0
41.05872,0.0
41.06944,0.0
41.08015,0.0
41.09087,0.0
41.10159,0.0
41.1123,0.0
41.12302,0.0
41.13373,0.0
41.14445,0.0
41.15517,0.0
41.16588,0.0
41.1766,0.0
41.18731,0.0
41.19803,0.0
41.20874,0.0
41.21946,0.0
41.23018,0.0
41.24089,0.0
41.25161,0.0
41.26232,0.0
41.27304,0.0
41.28375,0.0
41.29447,0.0
41.30519,0.0
41.3159,0.0
41.32662,0.0
41.33733,0.0
41.34805,0.0
41.35877,0.0
41.36948,0.0
41.3802,0.0
41.39091,0.0
41.40163,0.0
41.41234,0.0
41.42306,0.0
41.43378,0.0
41.44449,0.0
41.45521,0.0
41.46592,0.0
41.47664,0.0
41.48736,0.0
41.49807,0.0
41.50879,0.0
41.5195,0.0
41.53022,0.0
41.54093,0.0
41.55165,0.0
41.56237,0.0
41.57308,0.0
41.5838,0.0
41.59451,0.0
41.60523,0.0
41.61595,0.0
41.62666,0.0
41.63738,0.0
41.64809,0.0
41.65881,0.0
41.66952,0.0
41.68024,0.0
41.69096,0.0
41.70167,0.0
41.71239,0.0
41.7231,0.0
41.73382,0.0
41.74453,0.0
41.75525,0.0
41.76597,0.0
41.77668,0.0
41.7874,0.0
41.79811,0.0
41.80883,0.0
41.81955,0.0
41.83026,0.0
41.84098,0.0
41.85169,0.0
41.86241,0.0
41.87312,0.0
41.88384,0.0
41.89456,0.0
41.90527,0.0
41.91599,0.0
41.9267,0.0
41.93742,0.0
41.94814,0.0
41.95885,0.0
41.96957,0.0
41.98028,0.0
41.991,0.0
42.00171,0.0
42.01243,0.0
42.02315,0.0
42.03386,0.0
42.04458,0.0
42.05529,0.0
42.06601,0.0
42.07673,0.0
42.08744,0.0
42.09816,0.0
42.10887,0.0
42.11959,0.0
42.1303,0.0
42.14102,0.0
42.15174,0.0
42.16245,0.0
42.17317,0.0
42.18388,0.0
42.1946,0.0
42.20532,0.0
42.21603,0.0
42.22675,0.0
42.23746,0.0
42.24818,0.0
42.25889,0.0
42.26961,0.0
42.28033,0.0
42.29104,0.0
42.30176,0.0
42.31247,0.0
42.32319,0.0
42.3339,0.0
42.34462,0.0
42.35534,0.0
42.36605,0.0
42.37677,0.0
42.38748,0.0
42.3982,0.0
42.40892,0.0
42.41963,0.0
42.43035,0.0
42.44106,0.0
42.45178,0.0
42.46249,0.0
42.47321,0.0
42.48393,0.0
42.49464,0.0
42.50536,0.0
42.51607,0.0
42.52679,0.0
42.53751,0.0
42.54822,0.0
42.55894,0.0
42.56965,0.0
42.58037,0.0
42.59108,0.0
42.6018,0.0
42.61252,0.0
42.62323,0.0
42.63395,0.0
42.64466,0.0
42.65538,0.0
42.6661,0.0
42.67681,0.0
42.68753,0.0
42.69824,0.0
42.70896,0.0
42.71967,0.0
42.73039,0.0
42.74111,0.0
42.75182,0.0
42.76254,0.0
42.77325,0.0
42.78397,0.0
42.79468,0.0
42.8054,0.0
42.81612,0.0
42.82683,0.0
42.83755,0.0
42.84826,0.0
42.85898,0.0
42.8697,0.0
42.88041,0.0
42.89113,0.0
42.90184,0.0
42.91256,0.0
42.92327,0.0
42.93399,0.0
42.94471,0.0
42.95542,0.0
42.96614,0.0
42.97685,0.0
42.98757,0.0
42.99829,0.0
43.009,0.0
43.01972,0.0
43.03043,0.0
43.04115,0.0
43.05186,0.0
43.06258,0.0
43.0733,0.0
43.08401,0.0
43.09473,0.0
43.10544,0.0
43.11616,0.0
43.12688,0.0
43.13759,0.0
43.14831,0.0
43.15902,0.0
43.16974,0.0
43.18045,0.0
43.19117,0.0
43.20189,0.0
43.2126,0.0
43.22332,0.0
43.23403,0.0
43.24475,0.0
43.25547,0.0
43.26618,0.0
43.2769,0.0
43.28761,0.0
43.29833,0.0
43.30904,0.0
43.31976,0.0
43.33048,0.0
43.34119,0.0
43.35191,0.0
43.36262,0.0
43.37334,0.0
43.38405,0.0
43.39477,0.0
43.40549,0.0
43.4162,0.0
43.42692,0.0
43.43763,0.0
43.44835,0.0
43.45907,0.0
43.46978,0.0
43.4805,0.0
43.49121,0.0
43.50193,0.0
43.51264,0.0
43.52336,0.0
43.53408,0.0
43.54479,0.0
43.55551,0.0
43.56622,0.0
43.57694,0.0
43.58766,0.0
43.59837,0.0
43.60909,0.0
43.6198,0.0
43.63052,0.0
43.64123,0.0
43.65195,0.0
43.66267,0.0
43.67338,0.0
43.6841,0.0
43.69481,0.0
43.70553,0.0
43.71625,0.0
43.72696,0.0
43.73768,0.0
43.74839,0.0
43.75911,0.0
43.76982,0.0
43.78054,0.0
43.79126,0.0
43.80197,0.0
43.81269,0.0
43.8234,0.0
43.83412,0.0
43.84483,0.0
43.85555,0.0
43.86627,0.0
43.87698,0.0
43.8877,0.0
43.89841,0.0
43.90913,0.0
43.91985,0.0
43.93056,0.0
43.94128,0.0
43.95199,0.0
43.96271,0.0
43.97342,0.0
43.98414,0.0
43.99486,0.0
44.00557,0.0
44.01629,0.0
44.027,0.0
44.03772,0.0
44.04844,0.0
44.05915,0.0
44.06987,0.0
44.08058,0.0
44.0913,0.0
44.10201,0.0
44.11273,0.0
44.12345,0.0
44.13416,0.0
44.14488,0.0
44.15559,0.0
44.16631,0.0
44.17703,0.0
44.18774,0.0
44.19846,0.0
44.20917,0.0
44.21989,0.0
44.2306,0.0
44.24132,0.0
44.25204,0.0
44.26275,0.0
44.27347,0.0
44.28418,0.0
44.2949,0.0
44.30562,0.0
44.31633,0.0
44.32705,0.0
44.33776,0.0
44.34848,0.0
44.35919,0.0
44.36991,0.0
44.38063,0.0
44.39134,0.0
44.40206,0.0
44.41277,0.0
44.42349,0.0
44.4342,0.0
44.44492,0.0
44.45564,0.0
44.46635,0.0
44.47707,0.0
44.48778,0.0
44.4985,0.0
44.50922,0.0
44.51993,0.0
44.53065,0.0
44.54136,0.0
44.55208,0.0
44.56279,0.0
44.57351,0.0
44.58423,0.0
44.59494,0.0
44.60566,0.0
44.61637,0.0
44.62709,0.0
44.63781,0.0
44.64852,0.0
44.65924,0.0
44.66995,0.0
44.68067,0.0
44.69138,0.0
44.7021,0.0
44.71282,0.0
44.72353,0.0
44.73425,0.0
44.74496,0.0
44.75568,0.0
44.7664,0.0
44.77711,0.0
44.78783,0.0
44.79854,0.0
44.80926,0.0
44.81997,0.0
44.83069,0.0
44.84141,0.0
44.85212,0.0
44.86284,0.0
44.87355,0.0
44.88427,0.0
44.89498,0.0
44.9057,0.0
44.91642,0.0
44.92713,0.0
44.93785,0.0
44.94856,0.0
44.95928,0.0
44.97,0.0
44.98071,0.0
44.99143,0.0
45.00214,0.0
45.01286,0.0
45.02357,0.0
45.03429,0.0
45.04501,0.0
45.05572,0.0
45.06644,0.0
45.07715,0.0
45.08787,0.0
45.09859,0.0
45.1093,0.0
45.12002,0.0
45.13073,0.0
45.14145,0.0
45.15216,0.0
45.16288,0.0
45.1736,0.0
45.18431,0.0
45.19503,0.0
45.20574,0.0
45.21646,0.0
45.22718,0.0
45.23789,0.0
45.24861,0.0
45.25932,0.0
45.27004,0.0
45.28075,0.0
45.29147,0.0
45.30219,0.0
45.3129,0.0
45.32362,0.0
45.33433,0.0
45.34505,0.0
45.35577,0.0
45.36648,0.0
45.3772,0.0
45.38791,0.0
45.39863,0.0
45.40934,0.0
45.42006,0.0
45.43078,0.0
45.44149,0.0
45.45221,0.0
45.46292,0.0
45.47364,0.0
45.48435,0.0
45.49507,0.0
45.50579,0.0
45.5165,0.0
45.52722,0.0
45.53793,0.0
45.54865,0.0
45.55937,0.0
45.57008,0.0
45.5808,0.0
45.59151,0.0
45.60223,0.0
45.61294,0.0
45.62366,0.0
45.63438,0.0
45.64509,0.0
45.65581,0.0
45.66652,0.0
45.67724,0.0
45.68796,0.0
45.69867,0.0
45.70939,0.0
45.7201,0.0
45.73082,0.0
45.74153,0.0
45.75225,0.0
45.76297,0.0
45.77368,0.0
45.7844,0.0
45.79511,0.0
45.80583,0.0
45.81655,0.0
45.82726,0.0
45.83798,0.0
45.84869,0.0
45.85941,0.0
45.87012,0.0
45.88084,0.0
45.89156,0.0
45.90227,0.0
45.91299,0.0
45.9237,0.0
45.93442,0.0
45.94514,0.0
45.95585,0.0
45.96657,0.0
45.97728,0.0
45.988,0.0
45.99871,0.0
46.00943,0.0
46.02015,0.0
46.03086,0.0
46.04158,0.0
46.05229,0.0
46.06301,0.0
46.07372,0.0
46.08444,0.0
46.09516,0.0
46.10587,0.0
46.11659,0.0
46.1273,0.0
46.13802,0.0
46.14874,0.0
46.15945,0.0
46.17017,0.0
46.18088,0.0
46.1916,0.0
46.20231,0.0
46.21303,0.0
46.22375,0.0
46.23446,0.0
46.24518,0.0
46.25589,0.0
46.26661,0.0
46.27733,0.0
46.28804,0.0
46.29876,0.0
46.30947,0.0
46.32019,0.0
46.3309,0.0
46.34162,0.0
46.35234,0.0
46.36305,0.0
46.37377,0.0
46.38448,0.0
46.3952,0.0
46.40592,0.0
46.41663,0.0
46.42735,327.68
46.43806,0.0
46.44878,327.68
46.45949,0.0
46.47021,0.0
46.48093,327.68
46.49164,327.68
46.50236,0.0
46.51307,0.0
46.52379,0.0
46.5345,0.0
46.54522,0.0
46.55594,0.0
46.56665,0.0
46.57737,0.0
46.58808,0.0
46.5988,0.0
46.60952,0.0
46.62023,0.0
46.63095,0.0
46.64166,0.0
46.65238,0.0
46.66309,0.0
46.67381,0.0
46.68453,0.0
46.69524,0.0
46.70596,0.0
46.71667,0.0
46.72739,0.0
46.73811,0.0
46.74882,0.0
46.75954,0.0
46.77025,0.0
46.78097,0.0
46.79168,0.0
46.8024,0.0
46.81312,0.0
46.82383,0.0
46.83455,0.0
46.84526,0.0
46.85598,0.0
46.8667,0.0
46.87741,0.0
46.88813,0.0
46.89884,0.0
46.90956,0.0
46.92027,0.0
46.93099,0.0
46.94171,0.0
46.95242,0.0
46.96314,0.0
46.97385,0.0
46.98457,0.0
46.99529,0.0
47.006,0.0
47.01672,0.0
47.02743,0.0
47.03815,0.0
47.04886,0.0
47.05958,0.0
47.0703,0.0
47.08101,0.0
47.09173,0.0
47.10244,0.0
47.11316,0.0
47.12387,0.0
47.13459,0.0
47.14531,0.0
47.15602,0.0
47.16674,0.0
47.17745,0.0
47.18817,0.0
47.19889,0.0
47.2096,327.68
47.22032,0.0
47.23103,0.0
47.24175,0.0
47.25246,327.68
47.26318,0.0
47.2739,0.0
47.28461,327.68
47.29533,327.68
47.30604,0.0
47.31676,0.0
47.32748,327.68
47.33819,0.0
47.34891,0.0
47.35962,327.68
47.37034,0.0
47.38105,327.68
47.39177,327.68
47.40249,327.68
47.4132,327.68
47.42392,327.68
47.43463,327.68
47.44535,327.68
47.45607,327.68
47.46678,327.68
47.4775,0.0
47.48821,327.68
47.49893,0.0
47.50964,0.0
47.52036,0.0
47.53108,0.0
47.54179,0.0
47.55251,0.0
47.56322,0.0
47.57394,0.0
47.58465,0.0
47.59537,0.0
47.60609,0.0
47.6168,0.0
47.62752,0.0
47.63823,0.0
47.64895,0.0
47.65967,0.0
47.67038,0.0
47.6811,0.0
47.69181,0.0
47.70253,0.0
47.71324,0.0
47.72396,0.0
47.73468,0.0
47.74539,0.0
47.75611,0.0
47.76682,0.0
47.77754,0.0
47.78826,0.0
47.79897,0.0
47.80969,0.0
47.8204,0.0
47.83112,0.0
47.84183,0.0
47.85255,0.0
47.86327,0.0
47.87398,0.0
47.8847,0.0
47.89541,0.0
47.90613,0.0
47.91685,0.0
47.92756,0.0
47.93828,0.0
47.94899,0.0
47.95971,0.0
47.97042,0.0
47.98114,0.0
47.99186,0.0
48.00257,0.0
48.01329,0.0
48.024,0.0
48.03472,0.0
48.04544,0.0
48.05615,0.0
48.06687,0.0
48.07758,0.0
48.0883,0.0
48.09901,0.0
48.10973,0.0
48.12045,0.0
48.13116,0.0
48.14188,0.0
48.15259,0.0
48.16331,0.0
48.17402,0.0
48.18474,0.0
48.19546,0.0
48.20617,0.0
48.21689,0.0
48.2276,0.0
48.23832,0.0
48.24904,0.0
48.25975,0.0
48.27047,0.0
48.28118,0.0
48.2919,0.0
48.30261,0.0
48.31333,0.0
48.32405,0.0
48.33476,0.0
48.34548,0.0
48.35619,0.0
48.36691,0.0
48.37763,0.0
48.38834,0.0
48.39906,0.0
48.40977,0.0
48.42049,0.0
48.4312,0.0
48.44192,0.0
48.45264,0.0
48.46335,0.0
48.47407,0.0
48.48478,0.0
48.4955,0.0
48.50622,0.0
48.51693,0.0
48.52765,0.0
48.53836,0.0
48.54908,0.0
48.55979,0.0
48.57051,0.0
48.58123,0.0
48.59194,0.0
48.60266,0.0
48.61337,0.0
48.62409,0.0
48.6348,0.0
48.64552,0.0
48.65624,0.0
48.66695,0.0
48.67767,0.0
48.68838,0.0
48.6991,0.0
48.70982,0.0
48.72053,0.0
48.73125,0.0
48.74196,0.0
48.75268,0.0
48.76339,0.0
48.77411,0.0
48.78483,0.0
48.79554,0.0
48.80626,0.0
48.81697,0.0
48.82769,0.0
48.83841,0.0
48.84912,0.0
48.85984,0.0
48.87055,0.0
48.88127,0.0
48.89198,0.0
48.9027,0.0
48.91342,0.0
48.92413,0.0
48.93485,0.0
48.94556,0.0
48.95628,0.0
48.967,0.0
48.97771,0.0
48.98843,0.0
48.99914,0.0
49.00986,0.0
49.02057,0.0
49.03129,0.0
49.04201,0.0
49.05272,0.0
49.06344,0.0
49.07415,0.0
49.08487,0.0
49.09559,0.0
49.1063,0.0
49.11702,0.0
49.12773,0.0
49.13845,0.0
49.14916,0.0
49.15988,0.0
49.1706,0.0
49.18131,0.0
49.19203,0.0
49.20274,0.0
49.21346,0.0
49.22417,0.0
49.23489,0.0
49.24561,0.0
49.25632,0.0
49.26704,0.0
49.27775,0.0
49.28847,0.0
49.29919,0.0
49.3099,0.0
49.32062,0.0
49.33133,0.0
49.34205,0.0
49.35276,0.0
49.36348,0.0
49.3742,0.0
49.38491,0.0
49.39563,0.0
49.40634,0.0
49.41706,0.0
49.42778,0.0
49.43849,0.0
49.44921,0.0
49.45992,0.0
49.47064,0.0
49.48135,0.0
49.49207,0.0
49.50279,0.0
49.5135,0.0
49.52422,0.0
49.53493,0.0
49.54565,0.0
49.55637,0.0
49.56708,0.0
49.5778,0.0
49.58851,0.0
49.59923,0.0
49.60994,0.0
49.62066,0.0
49.63138,0.0
49.64209,0.0
49.65281,0.0
49.66352,0.0
49.67424,0.0
49.68495,0.0
49.69567,0.0
49.70639,0.0
49.7171,0.0
49.72782,0.0
49.73853,0.0
49.74925,0.0
49.75997,0.0
49.77068,0.0
49.7814,0.0
49.79211,0.0
49.80283,0.0
49.81354,0.0
49.82426,0.0
49.83498,0.0
49.84569,0.0
49.85641,0.0
49.86712,0.0
49.87784,0.0
49.88856,0.0
49.89927,0.0
49.90999,0.0
49.9207,0.0
49.93142,0.0
49.94213,0.0
49.95285,0.0
49.96357,0.0
49.97428,0.0
49.985,0.0
49.99571,0.0
50.00643,0.0
50.01715,0.0
50.02786,0.0
50.03858,0.0
50.04929,0.0
50.06001,0.0
50.07072,0.0
50.08144,0.0
50.09216,0.0
50.10287,0.0
50.11359,0.0
50.1243,0.0
50.13502,0.0
50.14574,0.0
50.15645,0.0
50.16717,0.0
50.17788,0.0
50.1886,0.0
50.19931,0.0
50.21003,0.0
50.22075,0.0
50.23146,0.0
50.24218,0.0
50.25289,0.0
50.26361,0.0
50.27432,0.0
50.28504,0.0
50.29576,0.0
50.30647,0.0
50.31719,0.0
50.3279,0.0
50.33862,0.0
50.34934,0.0
50.36005,0.0
50.37077,0.0
50.38148,0.0
50.3922,0.0
50.40291,0.0
50.41363,0.0
50.42435,0.0
50.43506,0.0
50.44578,0.0
50.45649,0.0
50.46721,0.0
50.47793,0.0
50.48864,0.0
50.49936,0.0
50.51007,0.0
50.52079,0.0
50.5315,0.0
50.54222,0.0
50.55294,0.0
50.56365,0.0
50.57437,0.0
50.58508,0.0
50.5958,0.0
50.60652,0.0
50.61723,0.0
50.62795,0.0
50.63866,0.0
50.64938,0.0
50.66009,0.0
50.67081,0.0
50.68153,0.0
50.69224,0.0
50.70296,0.0
50.71367,0.0
50.72439,0.0
50.73511,0.0
50.74582,0.0
50.75654,0.0
50.76725,0.0
50.77797,0.0
50.78868,0.0
50.7994,0.0
50.81012,0.0
50.82083,0.0
50.83155,0.0
50.84226,0.0
50.85298,0.0
50.86369,0.0
50.87441,0.0
50.88513,0.0
50.89584,0.0
50.90656,0.0
50.91727,0.0
50.92799,0.0
50.93871,0.0
50.94942,0.0
50.96014,0.0
50.97085,0.0
50.98157,0.0
50.99228,0.0
51.003,0.0
51.01372,0.0
51.02443,0.0
51.03515,0.0
51.04586,0.0
51.05658,0.0
51.0673,0.0
51.07801,0.0
51.08873,0.0
51.09944,0.0
51.11016,0.0
51.12087,0.0
51.13159,0.0
51.14231,0.0
51.15302,0.0
51.16374,0.0
51.17445,0.0
51.18517,0.0
51.19589,0.0
51.2066,0.0
51.21732,0.0
51.22803,0.0
51.23875,0.0
51.24946,0.0
51.26018,0.0
51.2709,0.0
51.28161,0.0
51.29233,0.0
51.30304,0.0
51.31376,0.0
51.32447,0.0
51.33519,0.0
51.34591,0.0
51.35662,0.0
51.36734,0.0
51.37805,0.0
51.38877,0.0
51.39949,0.0
51.4102,0.0
51.42092,0.0
51.43163,0.0
51.44235,0.0
51.45306,0.0
51.46378,0.0
51.4745,0.0
51.48521,0.0
51.49593,0.0
51.50664,0.0
51.51736,0.0
51.52808,0.0
51.53879,0.0
51.54951,0.0
51.56022,0.0
51.57094,0.0
51.58165,0.0
51.59237,0.0
51.60309,0.0
51.6138,0.0
51.62452,0.0
51.63523,0.0
51.64595,0.0
51.65667,0.0
51.66738,0.0
51.6781,0.0
51.68881,0.0
51.69953,0.0
51.71024,0.0
51.72096,0.0
51.73168,0.0
51.74239,0.0
51.75311,0.0
51.76382,0.0
51.77454,0.0
51.78526,0.0
51.79597,0.0
51.80669,0.0
51.8174,0.0
51.82812,0.0
51.83883,0.0
51.84955,0.0
51.86027,0.0
51.87098,0.0
51.8817,0.0
51.89241,0.0
51.90313,0.0
51.91384,0.0
51.92456,0.0
51.93528,0.0
51.94599,0.0
51.95671,0.0
51.96742,0.0
51.97814,0.0
51.98886,0.0
51.99957,0.0
52.01029,0.0
52.021,0.0
52.03172,0.0
52.04243,0.0
52.05315,0.0
52.06387,0.0
52.07458,0.0
52.0853,0.0
52.09601,0.0
52.10673,0.0
52.11745,0.0
52.12816,0.0
52.13888,0.0
52.14959,0.0
52.16031,327.68
52.17102,327.68
52.18174,0.0
52.19246,327.68
52.20317,0.0
52.21389,327.68
52.2246,327.68
52.23532,327.68
52.24604,0.0
52.25675,491.52
52.26747,163.84
52.27818,327.68
52.2889,327.68
52.29961,0.0
52.31033,0.0
52.32105,0.0
52.33176,327.68
52.34248,327.68
52.35319,0.0
52.36391,0.0
52.37462,0.0
52.38534,327.68
52.39606,327.68
52.40677,327.68
52.41749,327.68
52.4282,327.68
52.43892,327.68
52.44964,0.0
52.46035,327.68
52.47107,327.68
52.48178,0.0
52.4925,0.0
52.50321,0.0
52.51393,0.0
52.52465,0.0
52.53536,0.0
52.54608,0.0
52.55679,0.0
52.56751,0.0
52.57823,0.0
52.58894,0.0
52.59966,0.0
52.61037,0.0
52.62109,0.0
52.6318,0.0
52.64252,0.0
52.65324,0.0
52.66395,0.0
52.67467,0.0
52.68538,0.0
52.6961,0.0
52.70682,0.0
52.71753,0.0
52.72825,0.0
52.73896,0.0
52.74968,0.0
52.76039,0.0
52.77111,0.0
52.78183,0.0
52.79254,0.0
52.80326,0.0
52.81397,0.0
52.82469,0.0
52.83541,0.0
52.84612,0.0
52.85684,0.0
52.86755,0.0
52.87827,0.0
52.88898,0.0
52.8997,0.0
52.91042,0.0
52.92113,0.0
52.93185,0.0
52.94256,0.0
52.95328,0.0
52.96399,0.0
52.97471,0.0
52.98543,0.0
52.99614,0.0
53.00686,0.0
53.01757,0.0
53.02829,0.0
53.03901,0.0
53.04972,0.0
53.06044,0.0
53.07115,0.0
53.08187,0.0
53.09258,0.0
53.1033,0.0
53.11402,0.0
53.12473,0.0
53.13545,0.0
53.14616,0.0
53.15688,0.0
53.1676,0.0
53.17831,0.0
53.18903,0.0
53.19974,0.0
53.21046,0.0
53.22117,0.0
53.23189,0.0
53.24261,0.0
53.25332,0.0
53.26404,0.0
53.27475,0.0
53.28547,0.0
53.29619,0.0
53.3069,0.0
53.31762,0.0
53.32833,0.0
53.33905,0.0
53.34976,0.0
53.36048,0.0
53.3712,0.0
53.38191,0.0
53.39263,0.0
53.40334,0.0
53.41406,0.0
53.42477,0.0
53.43549,0.0
53.44621,0.0
53.45692,0.0
53.46764,0.0
53.47835,0.0
53.48907,0.0
53.49979,0.0
53.5105,0.0
53.52122,0.0
53.53193,0.0
53.54265,0.0
53.55336,0.0
53.56408,0.0
53.5748,0.0
53.58551,0.0
53.59623,0.0
53.60694,0.0
53.61766,0.0
53.62838,0.0
53.63909,0.0
53.64981,0.0
53.66052,0.0
53.67124,0.0
53.68195,0.0
53.69267,0.0
53.70339,0.0
53.7141,0.0
53.72482,0.0
53.73553,0.0
53.74625,0.0
53.75697,0.0
53.76768,0.0
53.7784,0.0
53.78911,0.0
53.79983,0.0
53.81054,0.0
53.82126,0.0
53.83198,0.0
53.84269,0.0
53.85341,0.0
53.86412,0.0
53.87484,0.0
53.88556,0.0
53.89627,0.0
53.90699,0.0
53.9177,0.0
53.92842,0.0
53.93913,0.0
53.94985,0.0
53.96057,0.0
53.97128,0.0
53.982,0.0
53.99271,327.68
54.00343,327.68
54.01414,0.0
54.02486,327.68
54.03558,327.68
54.04629,0.0
54.05701,0.0
54.06772,0.0
54.07844,0.0
54.08916,0.0
54.09987,0.0
54.11059,0.0
54.1213,0.0
54.13202,0.0
54.14273,0.0
54.15345,0.0
54.16417,0.0
54.17488,0.0
54.1856,0.0
54.19631,0.0
54.20703,0.0
54.21775,0.0
54.22846,0.0
54.23918,0.0
54.24989,0.0
54.26061,0.0
54.27132,0.0
54.28204,0.0
54.29276,0.0
54.30347,0.0
54.31419,0.0
54.3249,0.0
54.33562,0.0
54.34634,0.0
54.35705,0.0
54.36777,0.0
54.37848,0.0
54.3892,0.0
54.39991,0.0
54.41063,0.0
54.42135,0.0
54.43206,0.0
54.44278,0.0
54.45349,0.0
54.46421,0.0
54.47492,0.0
54.48564,0.0
54.49636,0.0
54.50707,0.0
54.51779,0.0
54.5285,0.0
54.53922,0.0
54.54994,0.0
54.56065,0.0
54.57137,0.0
54.58208,0.0
54.5928,0.0
54.60351,0.0
54.61423,0.0
54.62495,0.0
54.63566,0.0
54.64638,0.0
54.65709,0.0
54.66781,0.0
54.67853,0.0
54.68924,0.0
54.69996,0.0
54.71067,0.0
54.72139,0.0
54.7321,0.0
54.74282,0.0
54.75354,0.0
54.76425,0.0
54.77497,0.0
54.78568,0.0
54.7964,0.0
54.80712,0.0
54.81783,0.0
54.82855,0.0
54.83926,0.0
54.84998,0.0
54.86069,0.0
54.87141,0.0
54.88213,0.0
54.89284,0.0
54.90356,0.0
54.91427,0.0
54.92499,0.0
54.93571,0.0
54.94642,0.0
54.95714,0.0
54.96785,0.0
54.97857,0.0
54.98928,0.0
55.0,0.0
55.01072,0.0
55.02143,0.0
55.03215,0.0
55.04286,0.0
55.05358,0.0
55.06429,0.0
55.07501,0.0
55.08573,0.0
55.09644,0.0
55.10716,0.0
55.11787,0.0
55.12859,0.0
55.13931,0.0
55.15002,0.0
55.16074,0.0
55.17145,0.0
55.18217,0.0
55.19288,0.0
55.2036,0.0
55.21432,0.0
55.22503,0.0
55.23575,0.0
55.24646,0.0
55.25718,0.0
55.2679,0.0
55.27861,0.0
55.28933,0.0
55.30004,0.0
55.31076,0.0
55.32147,0.0
55.33219,0.0
55.34291,0.0
55.35362,0.0
55.36434,0.0
55.37505,0.0
55.38577,0.0
55.39649,0.0
55.4072,0.0
55.41792,0.0
55.42863,0.0
55.43935,0.0
55.45006,0.0
55.46078,0.0
55.4715,0.0
55.48221,0.0
55.49293,0.0
55.50364,0.0
55.51436,0.0
55.52508,0.0
55.53579,0.0
55.54651,0.0
55.55722,0.0
55.56794,0.0
55.57865,0.0
55.58937,0.0
55.60009,0.0
55.6108,0.0
55.62152,0.0
55.63223,0.0
55.64295,0.0
55.65366,0.0
55.66438,0.0
55.6751,0.0
55.68581,0.0
55.69653,0.0
55.70724,0.0
55.71796,0.0
55.72868,0.0
55.73939,0.0
55.75011,0.0
55.76082,0.0
55.77154,0.0
55.78225,0.0
55.79297,0.0
55.80369,0.0
55.8144,0.0
55.82512,0.0
55.83583,0.0
55.84655,0.0
55.85727,0.0
55.86798,0.0
55.8787,0.0
55.88941,0.0
55.90013,0.0
55.91084,0.0
55.92156,0.0
55.93228,0.0
55.94299,0.0
55.95371,0.0
55.96442,0.0
55.97514,0.0
55.98586,0.0
55.99657,0.0
56.00729,0.0
56.018,0.0
56.02872,0.0
56.03943,0.0
56.05015,0.0
56.06087,0.0
56.07158,0.0
56.0823,0.0
56.09301,0.0
56.10373,0.0
56.11444,0.0
56.12516,0.0
56.13588,0.0
56.14659,0.0
56.15731,0.0
56.16802,0.0
56.17874,0.0
56.18946,0.0
56.20017,0.0
56.21089,0.0
56.2216,0.0
56.23232,0.0
56.24303,0.0
56.25375,0.0
56.26447,0.0
56.27518,0.0
56.2859,0.0
56.29661,0.0
56.30733,0.0
56.31805,0.0
56.32876,0.0
56.33948,0.0
56.35019,0.0
56.36091,0.0
56.37162,0.0
56.38234,0.0
56.39306,0.0
56.40377,0.0
56.41449,0.0
56.4252,0.0
56.43592,0.0
56.44664,0.0
56.45735,0.0
56.46807,0.0
56.47878,0.0
56.4895,0.0
56.50021,0.0
56.51093,0.0
56.52165,0.0
56.53236,0.0
56.54308,0.0
56.55379,0.0
56.56451,0.0
56.57523,0.0
56.58594,0.0
56.59666,0.0
56.60737,0.0
56.61809,0.0
56.6288,0.0
56.63952,0.0
56.65024,0.0
56.66095,0.0
56.67167,0.0
56.68238,0.0
56.6931,0.0
56.70381,0.0
56.71453,0.0
56.72525,0.0
56.73596,0.0
56.74668,0.0
56.75739,0.0
56.76811,0.0
56.77883,0.0
56.78954,0.0
56.80026,0.0
56.81097,0.0
56.82169,0.0
56.8324,0.0
56.84312,0.0
56.85384,0.0
56.86455,0.0
56.87527,0.0
56.88598,0.0
56.8967,0.0
56.90742,0.0
56.91813,0.0
56.92885,0.0
56.93956,0.0
56.95028,0.0
56.96099,0.0
56.97171,0.0
56.98243,0.0
56.99314,0.0
57.00386,0.0
57.01457,0.0
57.02529,0.0
57.03601,0.0
57.04672,0.0
57.05744,0.0
57.06815,0.0
57.07887,0.0
57.08958,0.0
57.1003,0.0
57.11102,0.0
57.12173,0.0
57.13245,0.0
57.14316,0.0
57.15388,0.0
57.16459,0.0
57.17531,0.0
57.18603,0.0
57.19674,0.0
57.20746,0.0
57.21817,0.0
57.22889,0.0
57.23961,0.0
57.25032,0.0
57.26104,0.0
57.27175,0.0
57.28247,0.0
57.29318,0.0
57.3039,0.0
57.31462,0.0
57.32533,0.0
57.33605,0.0
57.34676,0.0
57.35748,0.0
57.3682,0.0
57.37891,0.0
57.38963,0.0
57.40034,0.0
57.41106,0.0
57.42177,0.0
57.43249,0.0
57.44321,0.0
57.45392,0.0
57.46464,0.0
57.47535,0.0
57.48607,0.0
57.49679,0.0
57.5075,0.0
57.51822,0.0
57.52893,0.0
57.53965,0.0
57.55036,0.0
57.56108,0.0
57.5718,0.0
57.58251,0.0
57.59323,0.0
57.60394,0.0
57.61466,0.0
57.62538,0.0
57.63609,0.0
57.64681,0.0
57.65752,0.0
57.66824,0.0
57.67895,0.0
57.68967,0.0
57.70039,0.0
57.7111,0.0
57.72182,0.0
57.73253,0.0
57.74325,0.0
57.75396,0.0
57.76468,0.0
57.7754,0.0
57.78611,0.0
57.79683,0.0
57.80754,0.0
57.81826,0.0
57.82898,0.0
57.83969,0.0
57.85041,0.0
57.86112,0.0
57.87184,0.0
57.88255,0.0
57.89327,0.0
57.90399,0.0
57.9147,0.0
57.92542,0.0
57.93613,0.0
57.94685,0.0
57.95757,0.0
57.96828,0.0
57.979,0.0
57.98971,0.0
58.00043,0.0
58.01114,0.0
58.02186,0.0
58.03258,0.0
58.04329,0.0
58.05401,0.0
58.06472,0.0
58.07544,0.0
58.08616,0.0
58.09687,0.0
58.10759,0.0
58.1183,0.0
58.12902,0.0
58.13973,0.0
58.15045,0.0
58.16117,0.0
58.17188,0.0
58.1826,0.0
58.19331,0.0
58.20403,0.0
58.21474,0.0
58.22546,0.0
58.23618,0.0
58.24689,0.0
58.25761,0.0
58.26832,0.0
58.27904,0.0
58.28976,0.0
58.30047,0.0
58.31119,0.0
58.3219,0.0
58.33262,0.0
58.34333,0.0
58.35405,0.0
58.36477,0.0
58.37548,0.0
58.3862,0.0
58.39691,0.0
58.40763,0.0
58.41835,0.0
58.42906,0.0
58.43978,0.0
58.45049,0.0
58.46121,0.0
58.47192,0.0
58.48264,0.0
58.49336,0.0
58.50407,0.0
58.51479,0.0
58.5255,0.0
58.53622,0.0
58.54694,0.0
58.55765,0.0
58.56837,0.0
58.57908,0.0
58.5898,0.0
58.60051,0.0
58.61123,0.0
58.62195,0.0
58.63266,0.0
58.64338,0.0
58.65409,0.0
58.66481,0.0
58.67553,0.0
58.68624,0.0
58.69696,0.0
58.70767,0.0
58.71839,0.0
58.7291,0.0
58.73982,0.0
58.75054,0.0
58.76125,0.0
58.77197,0.0
58.78268,0.0
58.7934,0.0
58.80411,0.0
58.81483,0.0
58.82555,0.0
58.83626,0.0
58.84698,0.0
58.85769,0.0
58.86841,0.0
58.87913,0.0
58.88984,0.0
58.90056,0.0
58.91127,0.0
58.92199,0.0
58.9327,0.0
58.94342,0.0
58.95414,0.0
58.96485,0.0
58.97557,0.0
58.98628,0.0
58.997,0.0
59.00772,0.0
59.01843,0.0
59.02915,0.0
59.03986,0.0
59.05058,0.0
59.06129,0.0
59.07201,0.0
59.08273,0.0
59.09344,0.0
59.10416,0.0
59.11487,0.0
59.12559,0.0
59.13631,0.0
59.14702,0.0
59.15774,0.0
59.16845,0.0
59.17917,0.0
59.18988,0.0
59.2006,0.0
59.21132,0.0
59.22203,0.0
59.23275,0.0
59.24346,0.0
59.25418,0.0
59.26489,0.0
59.27561,0.0
59.28633,0.0
59.29704,0.0
59.30776,0.0
59.31847,0.0
59.32919,0.0
59.33991,0.0
59.35062,0.0
59.36134,0.0
59.37205,0.0
59.38277,0.0
59.39348,0.0
59.4042,0.0
59.41492,0.0
59.42563,0.0
59.43635,0.0
59.44706,0.0
59.45778,0.0
59.4685,0.0
59.47921,0.0
59.48993,0.0
59.50064,0.0
59.51136,0.0
59.52207,0.0
59.53279,0.0
59.54351,0.0
59.55422,0.0
59.56494,0.0
59.57565,0.0
59.58637,0.0
59.59709,0.0
59.6078,0.0
59.61852,0.0
59.62923,0.0
59.63995,0.0
59.65066,0.0
59.66138,0.0
59.6721,0.0
59.68281,0.0
59.69353,0.0
59.70424,0.0
59.71496,0.0
59.72568,0.0
59.73639,0.0
59.74711,0.0
59.75782,0.0
59.76854,0.0
59.77925,0.0
59.78997,0.0
59.80069,0.0
59.8114,0.0
59.82212,0.0
59.83283,0.0
59.84355,0.0
59.85426,0.0
59.86498,0.0
59.8757,0.0
59.88641,0.0
59.89713,0.0
59.90784,0.0
59.91856,0.0
59.92928,0.0
59.93999,0.0
59.95071,0.0
59.96142,0.0
59.97214,0.0
59.98285,0.0
59.99357,0.0
60.00429,0.0
60.015,0.0
60.02572,0.0
60.03643,0.0
60.04715,0.0
60.05787,0.0
60.06858,0.0
60.0793,0.0
60.09001,0.0
60.10073,0.0
60.11144,0.0
60.12216,0.0
60.13288,0.0
60.14359,0.0
60.15431,0.0
60.16502,0.0
60.17574,0.0
60.18646,0.0
60.19717,0.0
60.20789,0.0
60.2186,0.0
60.22932,0.0
60.24003,0.0
60.25075,0.0
60.26147,0.0
60.27218,0.0
60.2829,0.0
60.29361,0.0
60.30433,0.0
60.31505,0.0
60.32576,0.0
60.33648,0.0
60.34719,0.0
60.35791,0.0
60.36862,0.0
60.37934,0.0
60.39006,0.0
60.40077,0.0
60.41149,0.0
60.4222,0.0
60.43292,0.0
60.44363,0.0
60.45435,0.0
60.46507,0.0
60.47578,0.0
60.4865,0.0
60.49721,0.0
60.50793,0.0
60.51865,0.0
60.52936,0.0
60.54008,0.0
60.55079,0.0
60.56151,0.0
60.57222,0.0
60.58294,0.0
60.59366,0.0
60.60437,0.0
60.61509,0.0
60.6258,0.0
60.63652,0.0
60.64724,0.0
60.65795,0.0
60.66867,0.0
60.67938,0.0
60.6901,0.0
60.70081,0.0
60.71153,0.0
60.72225,0.0
60.73296,0.0
60.74368,0.0
60.75439,0.0
60.76511,0.0
60.77583,0.0
60.78654,0.0
60.79726,0.0
60.80797,0.0
60.81869,0.0
60.8294,0.0
60.84012,0.0
60.85084,0.0
60.86155,0.0
60.87227,0.0
60.88298,0.0
60.8937,0.0
60.90441,0.0
60.91513,0.0
60.92585,0.0
60.93656,0.0
60.94728,0.0
60.95799,0.0
60.96871,0.0
60.97943,0.0
60.99014,0.0
61.00086,0.0
61.01157,0.0
61.02229,0.0
61.033,0.0
61.04372,0.0
61.05444,0.0
61.06515,0.0
61.07587,0.0
61.08658,0.0
61.0973,0.0
61.10802,0.0
61.11873,0.0
61.12945,0.0
61.14016,0.0
61.15088,327.68
61.16159,327.68
61.17231,0.0
61.18303,0.0
61.19374,327.68
61.20446,0.0
61.21517,327.68
61.22589,327.68
61.23661,327.68
61.24732,0.0
61.25804,0.0
61.26875,327.68
61.27947,327.68
61.29018,327.68
61.3009,0.0
61.31162,0.0
61.32233,0.0
61.33305,0.0
61.34376,0.0
61.35448,0.0
61.3652,0.0
61.37591,0.0
61.38663,0.0
61.39734,0.0
61.40806,0.0
61.41877,0.0
61.42949,0.0
61.44021,0.0
61.45092,0.0
61.46164,0.0
61.47235,0.0
61.48307,0.0
61.49378,0.0
61.5045,0.0
61.51522,0.0
61.52593,0.0
61.53665,0.0
61.54736,0.0
61.55808,0.0
61.5688,0.0
61.57951,0.0
61.59023,0.0
61.60094,0.0
61.61166,0.0
61.62237,0.0
61.63309,0.0
61.64381,0.0
61.65452,0.0
61.66524,0.0
61.67595,0.0
61.68667,0.0
61.69739,0.0
61.7081,0.0
61.71882,0.0
61.72953,0.0
61.74025,0.0
61.75096,0.0
61.76168,0.0
61.7724,0.0
61.78311,0.0
61.79383,0.0
61.80454,0.0
61.81526,0.0
61.82598,0.0
61.83669,0.0
61.84741,0.0
61.85812,0.0
61.86884,0.0
61.87955,0.0
61.89027,0.0
61.90099,0.0
61.9117,0.0
61.92242,0.0
61.93313,0.0
61.94385,0.0
61.95456,0.0
61.96528,0.0
61.976,0.0
61.98671,0.0
61.99743,0.0
62.00814,0.0
62.01886,0.0
62.02958,0.0
62.04029,0.0
62.05101,0.0
62.06172,0.0
62.07244,0.0
62.08315,0.0
62.09387,0.0
62.10459,0.0
62.1153,0.0
62.12602,0.0
62.13673,0.0
62.14745,0.0
62.15817,0.0
62.16888,0.0
62.1796,0.0
62.19031,0.0
62.20103,0.0
62.21174,0.0
62.22246,0.0
62.23318,0.0
62.24389,0.0
62.25461,0.0
62.26532,0.0
62.27604,0.0
62.28676,0.0
62.29747,0.0
62.30819,0.0
62.3189,0.0
62.32962,0.0
62.34033,0.0
62.35105,0.0
62.36177,0.0
62.37248,0.0
62.3832,0.0
62.39391,0.0
62.40463,0.0
62.41535,0.0
62.42606,0.0
62.43678,0.0
62.44749,0.0
62.45821,0.0
62.46892,0.0
62.47964,0.0
62.49036,0.0
62.50107,0.0
62.51179,0.0
62.5225,0.0
62.53322,0.0
62.54393,0.0
62.55465,0.0
62.56537,0.0
62.57608,0.0
62.5868,0.0
62.59751,0.0
62.60823,0.0
62.61895,0.0
62.62966,0.0
62.64038,0.0
62.65109,0.0
62.66181,0.0
62.67252,0.0
62.68324,0.0
62.69396,0.0
62.70467,0.0
62.71539,0.0
62.7261,0.0
62.73682,0.0
62.74754,0.0
62.75825,0.0
62.76897,0.0
62.77968,0.0
62.7904,0.0
62.80111,0.0
62.81183,0.0
62.82255,0.0
62.83326,327.68
62.84398,327.68
62.85469,327.68
62.86541,327.68
62.87613,0.0
62.88684,327.68
62.89756,0.0
62.90827,0.0
62.91899,327.68
62.9297,0.0
62.94042,0.0
62.95114,327.68
62.96185,327.68
62.97257,327.68
62.98328,327.68
62.994,327.68
63.00471,327.68
63.01543,0.0
63.02615,0.0
63.03686,0.0
63.04758,0.0
63.05829,0.0
63.06901,0.0
63.07973,0.0
63.09044,0.0
63.10116,0.0
63.11187,0.0
63.12259,0.0
63.1333,0.0
63.14402,0.0
63.15474,0.0
63.16545,0.0
63.17617,0.0
63.18688,0.0
63.1976,0.0
63.20832,0.0
63.21903,0.0
63.22975,0.0
63.24046,0.0
63.25118,0.0
63.26189,0.0
63.27261,0.0
63.28333,0.0
63.29404,0.0
63.30476,0.0
63.31547,0.0
63.32619,0.0
63.33691,0.0
63.34762,0.0
63.35834,0.0
63.36905,0.0
63.37977,0.0
63.39048,0.0
63.4012,0.0
63.41192,0.0
63.42263,0.0
63.43335,0.0
63.44406,0.0
63.45478,0.0
63.4655,0.0
63.47621,0.0
63.48693,0.0
63.49764,0.0
63.50836,0.0
63.51907,0.0
63.52979,0.0
63.54051,0.0
63.55122,0.0
63.56194,0.0
63.57265,0.0
63.58337,0.0
63.59408,0.0
63.6048,0.0
63.61552,0.0
63.62623,0.0
63.63695,0.0
63.64766,0.0
63.65838,0.0
63.6691,0.0
63.67981,0.0
63.69053,0.0
63.70124,0.0
63.71196,0.0
63.72267,0.0
63.73339,0.0
63.74411,0.0
63.75482,0.0
63.76554,0.0
63.77625,0.0
63.78697,0.0
63.79769,0.0
63.8084,0.0
63.81912,0.0
63.82983,0.0
63.84055,0.0
63.85126,0.0
63.86198,0.0
63.8727,0.0
63.88341,0.0
63.89413,0.0
63.90484,0.0
63.91556,0.0
63.92628,0.0
63.93699,0.0
63.94771,0.0
63.95842,0.0
63.96914,0.0
63.97985,0.0
63.99057,0.0
64.00129,0.0
64.012,0.0
64.02272,0.0
64.03343,0.0
64.04415,0.0
64.05486,0.0
64.06558,0.0
64.0763,0.0
64.08701,0.0
64.09773,0.0
64.10844,0.0
64.11916,0.0
64.12988,0.0
64.14059,0.0
64.15131,0.0
64.16202,0.0
64.17274,0.0
64.18345,0.0
64.19417,0.0
64.20489,0.0
64.2156,0.0
64.22632,0.0
64.23703,0.0
64.24775,0.0
64.25847,0.0
64.26918,0.0
64.2799,0.0
64.29061,0.0
64.30133,0.0
64.31204,0.0
64.32276,0.0
64.33348,0.0
64.34419,0.0
64.35491,0.0
64.36562,0.0
64.37634,0.0
64.38706,0.0
64.39777,0.0
64.40849,0.0
64.4192,0.0
64.42992,0.0
64.44063,0.0
64.45135,0.0
64.46207,0.0
64.47278,0.0
64.4835,0.0
64.49421,0.0
64.50493,0.0
64.51565,0.0
64.52636,0.0
64.53708,0.0
64.54779,0.0
64.55851,0.0
64.56922,0.0
64.57994,0.0
64.59066,0.0
64.60137,0.0
64.61209,0.0
64.6228,0.0
64.63352,0.0
64.64423,0.0
64.65495,0.0
64.66567,0.0
64.67638,0.0
64.6871,0.0
64.69781,0.0
64.70853,0.0
64.71925,0.0
64.72996,0.0
64.74068,0.0
64.75139,0.0
64.76211,0.0
64.77282,0.0
64.78354,0.0
64.79426,0.0
64.80497,0.0
64.81569,0.0
64.8264,0.0
64.83712,0.0
64.84784,0.0
64.85855,0.0
64.86927,0.0
64.87998,0.0
64.8907,0.0
64.90141,0.0
64.91213,0.0
64.92285,0.0
64.93356,0.0
64.94428,0.0
64.95499,0.0
64.96571,0.0
64.97643,0.0
64.98714,0.0
64.99786,0.0
65.00857,0.0
65.01929,0.0
65.03,0.0
65.04072,0.0
65.05144,0.0
65.06215,0.0
65.07287,0.0
65.08358,0.0
65.0943,0.0
65.10502,0.0
65.11573,0.0
65.12645,0.0
65.13716,0.0
65.14788,0.0
65.15859,0.0
65.16931,0.0
65.18003,0.0
65.19074,0.0
65.20146,0.0
65.21217,0.0
65.22289,0.0
65.2336,0.0
65.24432,0.0
65.25504,0.0
65.26575,0.0
65.27647,0.0
65.28718,0.0
65.2979,0.0
65.30862,0.0
65.31933,0.0
65.33005,0.0
65.34076,0.0
65.35148,0.0
65.36219,0.0
65.37291,0.0
65.38363,0.0
65.39434,0.0
65.40506,0.0
65.41577,0.0
65.42649,0.0
65.43721,0.0
65.44792,0.0
65.45864,0.0
65.46935,0.0
65.48007,0.0
65.49078,0.0
65.5015,0.0
65.51222,0.0
65.52293,0.0
65.53365,0.0
65.54436,0.0
65.55508,0.0
65.5658,0.0
65.57651,0.0
65.58723,0.0
65.59794,0.0
65.60866,0.0
65.61937,0.0
65.63009,0.0
65.64081,0.0
65.65152,0.0
65.66224,0.0
65.67295,0.0
65.68367,0.0
65.69438,0.0
65.7051,0.0
65.71582,0.0
65.72653,0.0
65.73725,0.0
65.74796,0.0
65.75868,0.0
65.7694,0.0
65.78011,0.0
65.79083,0.0
65.80154,0.0
65.81226,0.0
65.82297,0.0
65.83369,0.0
65.84441,0.0
65.85512,0.0
65.86584,0.0
65.87655,0.0
65.88727,0.0
65.89799,0.0
65.9087,0.0
65.91942,0.0
65.93013,0.0
65.94085,0.0
65.95156,0.0
65.96228,0.0
65.973,0.0
65.98371,0.0
65.99443,0.0
66.00514,0.0
66.01586,0.0
66.02658,0.0
66.03729,0.0
66.04801,0.0
66.05872,0.0
66.06944,0.0
66.08015,0.0
66.09087,0.0
66.10159,0.0
66.1123,0.0
66.12302,0.0
66.13373,0.0
66.14445,0.0
66.15517,0.0
66.16588,0.0
66.1766,0.0
66.18731,0.0
66.19803,0.0
66.20874,0.0
66.21946,0.0
66.23018,0.0
66.24089,0.0
66.25161,0.0
66.26232,0.0
66.27304,0.0
66.28375,0.0
66.29447,0.0
66.30519,0.0
66.3159,0.0
66.32662,0.0
66.33733,0.0
66.34805,0.0
66.35877,0.0
66.36948,0.0
66.3802,0.0
66.39091,0.0
66.40163,0.0
66.41234,0.0
66.42306,0.0
66.43378,0.0
66.44449,0.0
66.45521,0.0
66.46592,0.0
66.47664,0.0
66.48736,0.0
66.49807,0.0
66.50879,0.0
66.5195,0.0
66.53022,0.0
66.54093,0.0
66.55165,0.0
66.56237,0.0
66.57308,0.0
66.5838,0.0
66.59451,0.0
66.60523,0.0
66.61595,0.0
66.62666,0.0
66.63738,0.0
66.64809,0.0
66.65881,0.0
66.66952,0.0
66.68024,0.0
66.69096,0.0
66.70167,0.0
66.71239,0.0
66.7231,0.0
66.73382,0.0
66.74453,0.0
66.75525,0.0
66.76597,0.0
66.77668,0.0
66.7874,0.0
66.79811,0.0
66.80883,0.0
66.81955,0.0
66.83026,0.0
66.84098,0.0
66.85169,0.0
66.86241,0.0
66.87312,0.0
66.88384,0.0
66.89456,0.0
66.90527,0.0
66.91599,0.0
66.9267,0.0
66.93742,0.0
66.94814,0.0
66.95885,0.0
66.96957,0.0
66.98028,0.0
66.991,0.0
67.00171,0.0
67.01243,0.0
67.02315,0.0
67.03386,0.0
67.04458,0.0
67.05529,0.0
67.06601,0.0
67.07673,0.0
67.08744,0.0
67.09816,0.0
67.10887,0.0
67.11959,0.0
67.1303,0.0
67.14102,0.0
67.15174,0.0
67.16245,0.0
67.17317,0.0
67.18388,0.0
67.1946,0.0
67.20532,0.0
67.21603,0.0
67.22675,0.0
67.23746,0.0
67.24818,0.0
67.25889,0.0
67.26961,0.0
67.28033,0.0
67.29104,0.0
67.30176,0.0
67.31247,0.0
67.32319,0.0
67.3339,0.0
67.34462,0.0
67.35534,0.0
67.36605,0.0
67.37677,0.0
67.38748,0.0
67.3982,0.0
67.40892,0.0
67.41963,0.0
67.43035,0.0
67.44106,0.0
67.45178,0.0
67.46249,0.0
67.47321,0.0
67.48393,0.0
67.49464,0.0
67.50536,0.0
67.51607,0.0
67.52679,0.0
67.53751,0.0
67.54822,0.0
67.55894,0.0
67.56965,0.0
67.58037,0.0
67.59108,0.0
67.6018,0.0
67.61252,0.0
67.62323,0.0
67.63395,0.0
67.64466,0.0
67.65538,0.0
67.6661,0.0
67.67681,0.0
67.68753,0.0
67.69824,0.0
67.70896,0.0
67.71967,0.0
67.73039,0.0
67.74111,0.0
67.75182,0.0
67.76254,0.0
67.77325,0.0
67.78397,0.0
67.79468,0.0
67.8054,0.0
67.81612,0.0
67.82683,0.0
67.83755,0.0
67.84826,0.0
67.85898,0.0
67.8697,0.0
67.88041,0.0
67.89113,0.0
67.90184,0.0
67.91256,0.0
67.92327,0.0
67.93399,0.0
67.94471,0.0
67.95542,0.0
67.96614,0.0
67.97685,0.0
67.98757,0.0
67.99829,0.0
68.009,0.0
68.01972,0.0
68.03043,0.0
68.04115,0.0
68.05186,0.0
68.06258,0.0
68.0733,0.0
68.08401,0.0
68.09473,0.0
68.10544,0.0
68.11616,0.0
68.12688,0.0
68.13759,0.0
68.14831,0.0
68.15902,0.0
68.16974,0.0
68.18045,0.0
68.19117,0.0
68.20189,0.0
68.2126,0.0
68.22332,0.0
68.23403,0.0
68.24475,0.0
68.25547,0.0
68.26618,0.0
68.2769,0.0
68.28761,0.0
68.29833,0.0
68.30904,0.0
68.31976,0.0
68.33048,0.0
68.34119,0.0
68.35191,0.0
68.36262,0.0
68.37334,0.0
68.38405,0.0
68.39477,0.0
68.40549,0.0
68.4162,0.0
68.42692,0.0
68.43763,0.0
68.44835,0.0
68.45907,0.0
68.46978,0.0
68.4805,0.0
68.49121,0.0
68.50193,0.0
68.51264,0.0
68.52336,0.0
68.53408,0.0
68.54479,0.0
68.55551,0.0
68.56622,0.0
68.57694,0.0
68.58766,0.0
68.59837,0.0
68.60909,0.0
68.6198,0.0
68.63052,0.0
68.64123,0.0
68.65195,0.0
68.66267,0.0
68.67338,0.0
68.6841,0.0
68.69481,0.0
68.70553,0.0
68.71625,0.0
68.72696,0.0
68.73768,0.0
68.74839,0.0
68.75911,0.0
68.76982,0.0
68.78054,0.0
68.79126,0.0
68.80197,0.0
68.81269,0.0
68.8234,0.0
68.83412,0.0
68.84483,0.0
68.85555,0.0
68.86627,0.0
68.87698,0.0
68.8877,0.0
68.89841,0.0
68.90913,0.0
68.91985,0.0
68.93056,0.0
68.94128,0.0
68.95199,0.0
68.96271,0.0
68.97342,0.0
68.98414,0.0
68.99486,0.0
69.00557,0.0
69.01629,0.0
69.027,0.0
69.03772,0.0
69.04844,0.0
69.05915,0.0
69.06987,0.0
69.08058,0.0
69.0913,0.0
69.10201,0.0
69.11273,0.0
69.12345,0.0
69.13416,0.0
69.14488,0.0
69.15559,0.0
69.16631,0.0
69.17703,0.0
69.18774,0.0
69.19846,0.0
69.20917,0.0
69.21989,0.0
69.2306,0.0
69.24132,0.0
69.25204,0.0
69.26275,0.0
69.27347,0.0
69.28418,0.0
69.2949,0.0
69.30562,0.0
69.31633,0.0
69.32705,0.0
69.33776,0.0
69.34848,0.0
69.35919,0.0
69.36991,0.0
69.38063,0.0
69.39134,0.0
69.40206,0.0
69.41277,0.0
69.42349,0.0
69.4342,0.0
69.44492,0.0
69.45564,0.0
69.46635,0.0
69.47707,0.0
69.48778,0.0
69.4985,0.0
69.50922,0.0
69.51993,0.0
69.53065,0.0
69.54136,0.0
69.55208,0.0
69.56279,0.0
69.57351,0.0
69.58423,0.0
69.59494,0.0
69.60566,0.0
69.61637,0.0
69.62709,0.0
69.63781,0.0
69.64852,0.0
69.65924,0.0
69.66995,0.0
69.68067,0.0
69.69138,0.0
69.7021,0.0
69.71282,0.0
69.72353,0.0
69.73425,0.0
69.74496,0.0
69.75568,0.0
69.7664,0.0
69.77711,0.0
69.78783,0.0
69.79854,0.0
69.80926,0.0
69.81997,0.0
69.83069,0.0
69.84141,0.0
69.85212,0.0
69.86284,0.0
69.87355,0.0
69.88427,0.0
69.89498,0.0
69.9057,0.0
69.91642,0.0
69.92713,0.0
69.93785,0.0
69.94856,0.0
69.95928,0.0
69.97,0.0
69.98071,0.0
69.99143,0.0
70.00214,0.0
70.01286,0.0
70.02357,0.0
70.03429,0.0
70.04501,0.0
70.05572,0.0
70.06644,0.0
70.07715,0.0
70.08787,0.0
70.09859,0.0
70.1093,0.0
70.12002,0.0
70.13073,0.0
70.14145,0.0
70.15216,0.0
70.16288,0.0
70.1736,0.0
70.18431,0.0
70.19503,0.0
70.20574,0.0
70.21646,0.0
70.22718,0.0
70.23789,0.0
70.24861,0.0
70.25932,0.0
70.27004,0.0
70.28075,0.0
70.29147,0.0
70.30219,0.0
70.3129,0.0
70.32362,0.0
70.33433,0.0
70.34505,0.0
70.35577,0.0
70.36648,0.0
70.3772,0.0
70.38791,0.0
70.39863,0.0
70.40934,0.0
70.42006,0.0
70.43078,0.0
70.44149,0.0
70.45221,0.0
70.46292,0.0
70.47364,0.0
70.48435,0.0
70.49507,0.0
70.50579,0.0
70.5165,0.0
70.52722,0.0
70.53793,0.0
70.54865,0.0
70.55937,0.0
70.57008,0.0
70.5808,0.0
70.59151,0.0
70.60223,0.0
70.61294,0.0
70.62366,0.0
70.63438,0.0
70.64509,0.0
70.65581,0.0
70.66652,0.0
70.67724,0.0
70.68796,0.0
70.69867,0.0
70.70939,0.0
70.7201,0.0
70.73082,0.0
70.74153,0.0
70.75225,0.0
70.76297,0.0
70.77368,0.0
70.7844,0.0
70.79511,0.0
70.80583,0.0
70.81655,0.0
70.82726,0.0
70.83798,0.0
70.84869,0.0
70.85941,0.0
70.87012,0.0
70.88084,0.0
70.89156,0.0
70.90227,0.0
70.91299,0.0
70.9237,0.0
70.93442,0.0
70.94514,0.0
70.95585,0.0
70.96657,0.0
70.97728,0.0
70.988,0.0
70.99871,0.0
71.00943,0.0
71.02015,0.0
71.03086,0.0
71.04158,0.0
71.05229,0.0
71.06301,0.0
71.07372,0.0
71.08444,0.0
71.09516,0.0
71.10587,0.0
71.11659,0.0
71.1273,0.0
71.13802,0.0
71.14874,0.0
71.15945,0.0
71.17017,0.0
71.18088,0.0
71.1916,0.0
71.20231,0.0
71.21303,0.0
71.22375,0.0
71.23446,0.0
71.24518,0.0
71.25589,0.0
71.26661,0.0
71.27733,0.0
71.28804,0.0
71.29876,0.0
71.30947,0.0
71.32019,0.0
71.3309,0.0
71.34162,0.0
71.35234,0.0
71.36305,0.0
71.37377,0.0
71.38448,0.0
71.3952,0.0
71.40592,0.0
71.41663,0.0
71.42735,0.0
71.43806,0.0
71.44878,0.0
71.45949,0.0
71.47021,0.0
71.48093,0.0
71.49164,0.0
71.50236,0.0
71.51307,0.0
71.52379,0.0
71.5345,0.0
71.54522,0.0
71.55594,0.0
71.56665,0.0
71.57737,0.0
71.58808,0.0
71.5988,0.0
71.60952,0.0
71.62023,0.0
71.63095,0.0
71.64166,0.0
71.65238,0.0
71.66309,0.0
71.67381,0.0
71.68453,0.0
71.69524,0.0
71.70596,0.0
71.71667,0.0
71.72739,0.0
71.73811,0.0
71.74882,0.0
71.75954,0.0
71.77025,0.0
71.78097,0.0
71.79168,0.0
71.8024,0.0
71.81312,0.0
71.82383,0.0
71.83455,0.0
71.84526,0.0
71.85598,0.0
71.8667,0.0
71.87741,0.0
71.88813,0.0
71.89884,0.0
71.90956,0.0
71.92027,0.0
71.93099,0.0
71.94171,0.0
71.95242,0.0
71.96314,0.0
71.97385,0.0
71.98457,0.0
71.99529,0.0
72.006,0.0
72.01672,0.0
72.02743,0.0
72.03815,0.0
72.04886,0.0
72.05958,0.0
72.0703,0.0
72.08101,0.0
72.09173,0.0
72.10244,0.0
72.11316,0.0
72.12387,0.0
72.13459,0.0
72.14531,0.0
72.15602,0.0
72.16674,0.0
72.17745,0.0
72.18817,0.0
72.19889,0.0
72.2096,0.0
72.22032,0.0
72.23103,0.0
72.24175,0.0
72.25246,0.0
72.26318,0.0
72.2739,0.0
72.28461,0.0
72.29533,0.0
72.30604,0.0
72.31676,0.0
72.32748,0.0
72.33819,0.0
72.34891,0.0
72.35962,0.0
72.37034,0.0
72.38105,0.0
72.39177,0.0
72.40249,0.0
72.4132,0.0
72.42392,0.0
72.43463,0.0
72.44535,0.0
72.45607,0.0
72.46678,0.0
72.4775,0.0
72.48821,0.0
72.49893,0.0
72.50964,0.0
72.52036,0.0
72.53108,0.0
72.54179,0.0
72.55251,0.0
72.56322,0.0
72.57394,0.0
72.58465,0.0
72.59537,0.0
72.60609,0.0
72.6168,0.0
72.62752,0.0
72.63823,0.0
72.64895,0.0
72.65967,0.0
72.67038,0.0
72.6811,0.0
72.69181,0.0
72.70253,0.0
72.71324,0.0
72.72396,0.0
72.73468,0.0
72.74539,0.0
72.75611,0.0
72.76682,0.0
72.77754,0.0
72.78826,0.0
72.79897,0.0
72.80969,0.0
72.8204,0.0
72.83112,0.0
72.84183,0.0
72.85255,0.0
72.86327,0.0
72.87398,0.0
72.8847,0.0
72.89541,0.0
72.90613,0.0
72.91685,0.0
72.92756,0.0
72.93828,0.0
72.94899,0.0
72.95971,0.0
72.97042,0.0
72.98114,0.0
72.99186,0.0
73.00257,0.0
73.01329,0.0
73.024,0.0
73.03472,0.0
73.04544,0.0
73.05615,0.0
73.06687,0.0
73.07758,0.0
73.0883,0.0
73.09901,0.0
73.10973,0.0
73.12045,0.0
73.13116,0.0
73.14188,0.0
73.15259,0.0
73.16331,0.0
73.17402,0.0
73.18474,0.0
73.19546,0.0
73.20617,0.0
73.21689,0.0
73.2276,0.0
73.23832,0.0
73.24904,0.0
73.25975,0.0
73.27047,0.0
73.28118,0.0
73.2919,0.0
73.30261,0.0
73.31333,0.0
73.32405,0.0
73.33476,0.0
73.34548,0.0
73.35619,0.0
73.36691,0.0
73.37763,0.0
73.38834,0.0
73.39906,0.0
73.40977,0.0
73.42049,0.0
73.4312,0.0
73.44192,0.0
73.45264,0.0
73.46335,0.0
73.47407,0.0
73.48478,0.0
73.4955,0.0
73.50622,0.0
73.51693,0.0
73.52765,0.0
73.53836,0.0
73.54908,0.0
73.55979,0.0
73.57051,0.0
73.58123,0.0
73.59194,0.0
73.60266,0.0
73.61337,0.0
73.62409,0.0
73.6348,0.0
73.64552,0.0
73.65624,0.0
73.66695,0.0
73.67767,0.0
73.68838,0.0
73.6991,0.0
73.70982,0.0
73.72053,0.0
73.73125,0.0
73.74196,0.0
73.75268,0.0
73.76339,0.0
73.77411,0.0
73.78483,0.0
73.79554,0.0
73.80626,0.0
73.81697,0.0
73.82769,0.0
73.83841,0.0
73.84912,0.0
73.85984,0.0
73.87055,0.0
73.88127,0.0
73.89198,0.0
73.9027,0.0
73.91342,0.0
73.92413,0.0
73.93485,0.0
73.94556,0.0
73.95628,0.0
73.967,0.0
73.97771,0.0
73.98843,0.0
73.99914,0.0
74.00986,0.0
74.02057,0.0
74.03129,0.0
74.04201,0.0
74.05272,0.0
74.06344,0.0
74.07415,0.0
74.08487,0.0
74.09559,0.0
74.1063,0.0
74.11702,0.0
74.12773,0.0
74.13845,0.0
74.14916,0.0
74.15988,0.0
74.1706,0.0
74.18131,0.0
74.19203,0.0
74.20274,0.0
74.21346,0.0
74.22417,0.0
74.23489,0.0
74.24561,0.0
74.25632,0.0
74.26704,0.0
74.27775,0.0
74.28847,0.0
74.29919,0.0
74.3099,0.0
74.32062,0.0
74.33133,0.0
74.34205,0.0
74.35276,0.0
74.36348,0.0
74.3742,0.0
74.38491,0.0
74.39563,0.0
74.40634,0.0
74.41706,0.0
74.42778,0.0
74.43849,0.0
74.44921,0.0
74.45992,0.0
74.47064,0.0
74.48135,0.0
74.49207,0.0
74.50279,0.0
74.5135,0.0
74.52422,0.0
74.53493,0.0
74.54565,0.0
74.55637,0.0
74.56708,0.0
74.5778,0.0
74.58851,0.0
74.59923,0.0
74.60994,0.0
74.62066,0.0
74.63138,0.0
74.64209,0.0
74.65281,0.0
74.66352,0.0
74.67424,0.0
74.68495,0.0
74.69567,0.0
74.70639,0.0
74.7171,0.0
74.72782,0.0
74.73853,0.0
74.74925,0.0
74.75997,0.0
74.77068,0.0
74.7814,0.0
74.79211,0.0
74.80283,0.0
74.81354,0.0
74.82426,0.0
74.83498,0.0
74.84569,0.0
74.85641,0.0
74.86712,0.0
74.87784,0.0
74.88856,0.0
74.89927,0.0
74.90999,0.0
74.9207,0.0
74.93142,0.0
74.94213,0.0
74.95285,0.0
74.96357,0.0
74.97428,0.0
74.985,0.0
74.99571,0.0
75.00643,0.0
75.01715,0.0
75.02786,0.0
75.03858,0.0
75.04929,0.0
75.06001,0.0
75.07072,0.0
75.08144,0.0
75.09216,0.0
75.10287,0.0
75.11359,0.0
75.1243,0.0
75.13502,0.0
75.14574,0.0
75.15645,0.0
75.16717,0.0
75.17788,0.0
75.1886,0.0
75.19931,0.0
75.21003,0.0
75.22075,0.0
75.23146,0.0
75.24218,0.0
75.25289,0.0
75.26361,0.0
75.27432,0.0
75.28504,0.0
75.29576,0.0
75.30647,0.0
75.31719,0.0
75.3279,0.0
75.33862,0.0
75.34934,0.0
75.36005,0.0
75.37077,0.0
75.38148,0.0
75.3922,0.0
75.40291,0.0
75.41363,0.0
75.42435,0.0
75.43506,0.0
75.44578,0.0
75.45649,0.0
75.46721,0.0
75.47793,0.0
75.48864,0.0
75.49936,0.0
75.51007,0.0
75.52079,0.0
75.5315,0.0
75.54222,0.0
75.55294,0.0
75.56365,0.0
75.57437,0.0
75.58508,0.0
75.5958,0.0
75.60652,0.0
75.61723,0.0
75.62795,0.0
75.63866,0.0
75.64938,0.0
75.66009,0.0
75.67081,0.0
75.68153,0.0
75.69224,0.0
75.70296,0.0
75.71367,0.0
75.72439,0.0
75.73511,0.0
75.74582,0.0
75.75654,0.0
75.76725,0.0
75.77797,0.0
75.78868,0.0
75.7994,0.0
75.81012,0.0
75.82083,0.0
75.83155,0.0
75.84226,0.0
75.85298,0.0
75.86369,0.0
75.87441,0.0
75.88513,0.0
75.89584,0.0
75.90656,0.0
75.91727,0.0
75.92799,0.0
75.93871,0.0
75.94942,0.0
75.96014,0.0
75.97085,0.0
75.98157,0.0
75.99228,0.0
76.003,0.0
76.01372,0.0
76.02443,0.0
76.03515,0.0
76.04586,0.0
76.05658,0.0
76.0673,0.0
76.07801,0.0
76.08873,0.0
76.09944,0.0
76.11016,0.0
76.12087,0.0
76.13159,0.0
76.14231,0.0
76.15302,0.0
76.16374,0.0
76.17445,0.0
76.18517,0.0
76.19589,0.0
76.2066,0.0
76.21732,0.0
76.22803,0.0
76.23875,0.0
76.24946,0.0
76.26018,0.0
76.2709,0.0
76.28161,0.0
76.29233,0.0
76.30304,0.0
76.31376,0.0
76.32447,0.0
76.33519,0.0
76.34591,0.0
76.35662,0.0
76.36734,0.0
76.37805,0.0
76.38877,0.0
76.39949,0.0
76.4102,0.0
76.42092,0.0
76.43163,0.0
76.44235,0.0
76.45306,0.0
76.46378,0.0
76.4745,0.0
76.48521,0.0
76.49593,0.0
76.50664,0.0
76.51736,0.0
76.52808,0.0
76.53879,0.0
76.54951,0.0
76.56022,0.0
76.57094,0.0
76.58165,0.0
76.59237,0.0
76.60309,0.0
76.6138,0.0
76.62452,0.0
76.63523,0.0
76.64595,0.0
76.65667,0.0
76.66738,0.0
76.6781,0.0
76.68881,0.0
76.69953,0.0
76.71024,0.0
76.72096,0.0
76.73168,0.0
76.74239,0.0
76.75311,0.0
76.76382,0.0
76.77454,0.0
76.78526,0.0
76.79597,0.0
76.80669,0.0
76.8174,0.0
76.82812,0.0
76.83883,0.0
76.84955,0.0
76.86027,0.0
76.87098,0.0
76.8817,0.0
76.89241,0.0
76.90313,0.0
76.91384,0.0
76.92456,0.0
76.93528,0.0
76.94599,0.0
76.95671,0.0
76.96742,0.0
76.97814,0.0
76.98886,0.0
76.99957,0.0
77.01029,0.0
77.021,0.0
77.03172,0.0
77.04243,0.0
77.05315,0.0
77.06387,0.0
77.07458,0.0
77.0853,0.0
77.09601,0.0
77.10673,0.0
77.11745,0.0
77.12816,0.0
77.13888,0.0
77.14959,0.0
77.16031,0.0
77.17102,0.0
77.18174,0.0
77.19246,0.0
77.20317,0.0
77.21389,0.0
77.2246,0.0
77.23532,0.0
77.24604,0.0
77.25675,0.0
77.26747,0.0
77.27818,0.0
77.2889,0.0
77.29961,0.0
77.31033,0.0
77.32105,0.0
77.33176,0.0
77.34248,0.0
77.35319,0.0
77.36391,0.0
77.37462,0.0
77.38534,0.0
77.39606,0.0
77.40677,0.0
77.41749,0.0
77.4282,0.0
77.43892,0.0
77.44964,0.0
77.46035,0.0
77.47107,0.0
77.48178,0.0
77.4925,0.0
77.50321,0.0
77.51393,0.0
77.52465,0.0
77.53536,0.0
77.54608,0.0
77.55679,0.0
77.56751,0.0
77.57823,0.0
77.58894,0.0
77.59966,0.0
77.61037,0.0
77.62109,0.0
77.6318,0.0
77.64252,0.0
77.65324,0.0
77.66395,0.0
77.67467,0.0
77.68538,0.0
77.6961,0.0
77.70682,0.0
77.71753,0.0
77.72825,0.0
77.73896,0.0
77.74968,0.0
77.76039,0.0
77.77111,0.0
77.78183,0.0
77.79254,0.0
77.80326,0.0
77.81397,0.0
77.82469,0.0
77.83541,0.0
77.84612,0.0
77.85684,0.0
77.86755,0.0
77.87827,0.0
77.88898,0.0
77.8997,0.0
77.91042,0.0
77.92113,0.0
77.93185,0.0
77.94256,0.0
77.95328,0.0
77.96399,0.0
77.97471,0.0
77.98543,0.0
77.99614,0.0
78.00686,0.0
78.01757,0.0
78.02829,0.0
78.03901,0.0
78.04972,0.0
78.06044,0.0
78.07115,0.0
78.08187,0.0
78.09258,0.0
78.1033,0.0
78.11402,0.0
78.12473,0.0
78.13545,0.0
78.14616,0.0
78.15688,0.0
78.1676,0.0
78.17831,0.0
78.18903,0.0
78.19974,0.0
78.21046,0.0
78.22117,0.0
78.23189,0.0
78.24261,0.0
78.25332,0.0
78.26404,0.0
78.27475,0.0
78.28547,0.0
78.29619,0.0
78.3069,0.0
78.31762,0.0
78.32833,0.0
78.33905,0.0
78.34976,0.0
78.36048,0.0
78.3712,0.0
78.38191,0.0
78.39263,0.0
78.40334,0.0
78.41406,0.0
78.42477,0.0
78.43549,0.0
78.44621,0.0
78.45692,0.0
78.46764,0.0
78.47835,0.0
78.48907,0.0
78.49979,0.0
78.5105,0.0
78.52122,0.0
78.53193,0.0
78.54265,0.0
78.55336,0.0
78.56408,0.0
78.5748,0.0
78.58551,0.0
78.59623,0.0
78.60694,0.0
78.61766,0.0
78.62838,0.0
78.63909,0.0
78.64981,0.0
78.66052,0.0
78.67124,0.0
78.68195,0.0
78.69267,0.0
78.70339,0.0
78.7141,0.0
78.72482,0.0
78.73553,0.0
78.74625,0.0
78.75697,0.0
78.76768,0.0
78.7784,0.0
78.78911,0.0
78.79983,0.0
78.81054,0.0
78.82126,0.0
78.83198,0.0
78.84269,0.0
78.85341,0.0
78.86412,0.0
78.87484,0.0
78.88556,0.0
78.89627,0.0
78.90699,0.0
78.9177,0.0
78.92842,0.0
78.93913,0.0
78.94985,0.0
78.96057,0.0
78.97128,0.0
78.982,0.0
78.99271,0.0
79.00343,0.0
79.01414,0.0
79.02486,0.0
79.03558,0.0
79.04629,0.0
79.05701,0.0
79.06772,0.0
79.07844,0.0
79.08916,0.0
79.09987,0.0
79.11059,0.0
79.1213,0.0
79.13202,0.0
79.14273,0.0
79.15345,0.0
79.16417,0.0
79.17488,0.0
79.1856,0.0
79.19631,0.0
79.20703,0.0
79.21775,0.0
79.22846,0.0
79.23918,0.0
79.24989,0.0
79.26061,0.0
79.27132,0.0
79.28204,0.0
79.29276,0.0
79.30347,0.0
79.31419,0.0
79.3249,0.0
79.33562,0.0
79.34634,0.0
79.35705,0.0
79.36777,0.0
79.37848,0.0
79.3892,0.0
79.39991,0.0
79.41063,0.0
79.42135,0.0
79.43206,0.0
79.44278,0.0
79.45349,0.0
79.46421,0.0
79.47492,0.0
79.48564,0.0
79.49636,0.0
79.50707,0.0
79.51779,0.0
79.5285,0.0
79.53922,0.0
79.54994,0.0
79.56065,0.0
79.57137,0.0
79.58208,0.0
79.5928,0.0
79.60351,0.0
79.61423,0.0
79.62495,0.0
79.63566,0.0
79.64638,0.0
79.65709,0.0
79.66781,0.0
79.67853,0.0
79.68924,0.0
79.69996,0.0
79.71067,0.0
79.72139,0.0
79.7321,0.0
79.74282,0.0
79.75354,0.0
79.76425,0.0
79.77497,0.0
79.78568,0.0
79.7964,0.0
79.80712,0.0
79.81783,0.0
79.82855,0.0
79.83926,0.0
79.84998,0.0
79.86069,0.0
79.87141,0.0
79.88213,0.0
79.89284,0.0
79.90356,0.0
79.91427,0.0
79.92499,0.0
79.93571,0.0
79.94642,0.0
79.95714,0.0
79.96785,0.0
79.97857,0.0
79.98928,0.0
80.0,0.0
